Name,Term,ES,NES,NOM p-val,FDR q-val,FWER p-val,Tag %,Gene %,Lead_genes
prerank,Myogenesis,0.7148479256477928,1.9833798287243485,0.0,0.0,0.0,96/199,14.51%,MYH2;CKM;MYL2;PYGM;MYH7;ACTA1;ACTN3;MYL1;MYLPF;CSRP3;SLN;TNNC2;TNNC1;FHL1;ATP2A1;ACTN2;NOS1;LDB3;TNNI2;MYL3;DES;CAV3;COX6A2;MYOZ1;TNNI1;MYOM1;CD36;MYOM2;TCAP;GPX3;CRYAB;TNNT3;CKMT2;SGCA;MYH11;ITGA7;SORBS1;CASQ1;DMD;IGF1;ENO3;CASQ2;RYR1;LAMA2;MYLK;PTGIS;ANKRD2;SOD3;GSN;FGF2;ACSL1;FST;COL3A1;SGCD;SCHIP1;ADAM12;TAGLN;SSPN;CFD;MRAS;FABP3;MYH8;COL6A3;MYH4;TPM2;FXYD1;SPARC;KLF5;COX7A1;COL1A1;COL15A1;CDH13;HBEGF;AEBP1;PRNP;COL6A2;MYH1;MEF2C;GJA5;MB;LSP1;KIFC3;TNNT2;DENND2B;HRC;WWTR1;BIN1;NCAM1;ABLIM1;APLNR;APOD;SPHK1;LPIN1;ITGB1;IGFBP7;SVIL
prerank,Epithelial Mesenchymal Transition,0.6660931375850165,1.845363481328819,0.0,0.0,0.0,143/200,23.27%,PCOLCE2;OXTR;IL6;ECM2;DCN;SLIT3;MFAP5;SFRP1;LAMA2;SFRP4;CXCL12;FBLN2;ABI3BP;MYLK;FSTL1;CCN1;FBN1;ELN;LRP1;NT5E;MMP2;GAS1;CCN2;FGF2;DST;SLIT2;LUM;MATN2;LRRC15;LOX;FERMT2;COL11A1;COL3A1;PRRX1;SGCD;THBS2;SNAI2;MMP3;GEM;ADAM12;ACTA2;CXCL6;TAGLN;MXRA5;GREM1;FAP;HTRA1;VCAN;FBLN1;MMP1;COL1A2;DPYSL3;DAB2;FBLN5;SPOCK1;VIM;COL6A3;COL5A2;CALD1;COMP;SERPINE1;POSTN;COL8A2;TPM2;SPARC;NNMT;COL1A1;CRLF1;MYL9;CDH11;TGFBR3;NID2;COL12A1;COL6A2;PDLIM4;PDGFRB;COL16A1;PCOLCE;COL5A1;LAMA1;INHBA;GLIPR1;LAMC2;CXCL1;FMOD;TGFBI;EFEMP2;WIPF1;FN1;COL7A1;MMP14;LAMC1;TIMP3;CDH2;VEGFC;THY1;SERPINE2;BGN;LOXL2;JUN;NTM;ITGA5;CTHRC1;ITGB3;FLNA;FAS;PTX3;COL5A3;SPP1;TNFAIP3;LOXL1;BMP1;ITGB1;EMP3;IGFBP3;RGS4;TNC;TNFRSF11B;PMP22;COL4A2;PLAUR;SDC1;ITGAV;NOTCH2;LGALS1;CDH6;COL4A1;PMEPA1;P3H1;SERPINH1;THBS1;GPX7;WNT5A;FOXC2;GADD45B;MSX1;CALU;CD59;TPM1;ITGB5;TGFB1;CXCL8;MEST
prerank,Coagulation,0.6645212353895121,1.8067586045254362,0.0,0.0,0.0,67/138,15.27%,C9;APOC3;C8A;KLK8;F2;PLG;F9;DCT;ITIH1;C8B;LEFTY2;DPP4;APOA1;F10;CPN1;ANXA1;PROS1;MMP8;MBL2;FBN1;GDA;CFH;CTSE;LRP1;MMP2;SERPINC1;GSN;CPB2;CTSK;VWF;HRG;SERPING1;FGA;SERPINB2;CFI;MMP3;C1S;PECAM1;HTRA1;C1R;CFD;MMP1;C3;F3;COMP;SERPINE1;SPARC;A2M;PLAU;F2RL2;RGN;FN1;MMP14;TIMP3;P2RY1;MAFF;F8;THBD;FYN;KLF7;ITGB3;BMP1;DUSP6;MMP11;CAPN5;CSRP1;PLEK
prerank,TNF-alpha Signaling via NF-kB,0.6141914841915088,1.69637548711496,0.0,0.00021068426137181145,0.001,126/200,27.92%,G0S2;FOSB;CXCL2;IL6;EGR1;PTGS2;EGR2;NR4A3;EDN1;FOS;KLF4;CCN1;ATF3;ZFP36;EGR3;BMP2;NR4A1;DUSP1;CXCL3;SOCS3;SERPINB2;GEM;CXCL6;IL1A;PTGER4;RCAN1;PLPP3;SGK1;LIF;F3;SLC2A3;IL7R;SERPINE1;CCL2;PER1;GFPT2;KLF9;HBEGF;ETS2;GPR183;FOSL1;PLAU;CD69;KLF2;KLF6;INHBA;MSC;DNAJB4;CXCL1;TNFSF9;ABCA1;CSF2;TNFAIP6;MAFF;JUN;PPP1R15A;LAMB3;PTX3;SPSB1;TNFAIP3;NFAT5;SPHK1;TLR2;NFIL3;KLF10;JUNB;IL15RA;PLEK;F2RL1;STAT5A;SERPINB8;ACKR3;PFKFB3;TNFAIP8;TNC;DUSP2;SOD2;IL1B;PLAUR;IL12B;CFLAR;FUT4;CCRL2;PMEPA1;ICAM1;TIPARP;JAG1;PNRC1;PTPRE;CD83;NAMPT;OLR1;CCL4;TNFRSF9;BIRC3;SIK1;TANK;KYNU;CD80;BTG3;TSC22D1;GADD45B;TRAF1;CDKN1A;MCL1;MARCKS;TRIP10;IFIT2;FOSL2;CSF1;PDE4B;MAP3K8;DENND5A;DRAM1;GADD45A;B4GALT5;CCNL1;SAT1;CCL5;IER2;NFE2L2;BTG2;BCL6;BTG1;ICOSLG;PHLDA1
prerank,KRAS Signaling Up,0.6048676165543309,1.6727485685658448,0.0,0.0005056422272923475,0.003,118/200,23.49%,CIDEA;RBP4;CFHR2;G0S2;ALDH1A2;IL33;TMEM100;PTGS2;ARG1;WNT7A;AKAP12;NR1H4;F13A1;HSD11B1;TSPAN7;KLF4;SPON1;CFH;EMP1;SPRY2;BMP2;GNG11;SPARCL1;GPNMB;ANGPTL4;ABCB1;RELN;ALDH1A3;IGF2;PRRX1;ITGBL1;ADGRA2;ADGRL4;PECAM1;MMD;GYPC;CCND2;PRKG2;LIF;IL7R;MALL;NRP1;GFPT2;HBEGF;TFPI;ETV1;PLAU;ETS1;PPBP;INHBA;NGF;PDCD1LG2;LY96;TNNT2;GUCY1A1;CSF2;IRF8;PRDM1;IKZF1;CMKLR1;HKDC1;TNFRSF1B;MPZL2;PPP1R15A;DOCK2;MAFB;IL10RA;CSF2RA;APOD;RGS16;SPP1;TLR8;TNFAIP3;PIGR;ANKH;C3AR1;DUSP6;FLT4;MMP11;CD37;IGFBP3;ETV5;SLPI;NAP1L2;ENG;F2RL1;IL1RL2;GPRC5B;CLEC4A;ITGB2;RETN;H2BC3;IL1B;PLAUR;PLVAP;DCBLD2;LAPTM5;SATB1;CTSS;MMP10;LCP1;BIRC3;MAP4K1;EPHB2;VWA5A;HDAC9;IL2RG;TRAF1;MMP9;CCSER2;CBL;FCER1G;EREG;TMEM176B;TMEM158;CAB39L;KCNN4;CXCR4
prerank,Inflammatory Response,0.5976327351893823,1.652771326422773,0.0,0.0008427370454872459,0.006,135/199,27.88%,ROS1;CSF3;CCL24;IL6;TACR1;EDN1;NMUR1;CX3CL1;HAS2;CXCL6;PDPN;IL1A;PTGER4;CCL17;LIF;F3;HRH1;IL7R;SERPINE1;CCL2;ADM;AQP9;SGMS2;CCR7;MET;HBEGF;NLRP3;GPR183;AXL;IL18R1;CD69;KCNA3;KCNJ2;KLF6;CD70;INHBA;PCDH7;TNFSF9;TLR1;ABCA1;MMP14;SELE;TNFAIP6;CMKLR1;CALCRL;TNFRSF1B;C5AR1;STAB1;CD14;ITGA5;FPR1;PTGIR;LPAR1;ITGB3;APLNR;IL10RA;CD55;ACVR2A;RGS16;SLAMF1;IL1R1;IL10;MARCO;SPHK1;CCL22;TLR2;C3AR1;SCARF1;ADGRE1;IL18RAP;MSR1;EMP3;OPRK1;CYBB;ADORA2B;PIK3R5;IL15RA;LYN;OSMR;IRAK2;PTAFR;TNFSF15;VIP;TLR3;ITGB8;NPFFR2;LCK;CD48;IL1B;PLAUR;IL12B;IL4R;DCBLD2;LCP2;RGS1;CD82;CCRL2;CD40;ICAM1;SLC31A2;PTPRE;NAMPT;RNF144B;OLR1;TNFRSF9;LAMP3;AHR;CCL7;CLEC5A;LTA;P2RX7;CDKN1A;EREG;CXCR6;CXCL8;CHST2;BEST1;GPC3;CSF1;PDE4B;HIF1A;MEFV;SLC4A4;IL15;PROK2;FZD5;EBI3;CCL5;OSM;GPR132;GP1BA;NMI;BTG2;ICOSLG;IFNAR1
prerank,Angiogenesis,0.6827087478288596,1.6501719451749586,0.0011148272017837235,0.0007223460389890678,0.006,25/36,22.04%,APOH;LPL;FSTL1;LUM;COL3A1;CXCL6;VCAN;CCND2;S100A4;COL5A2;NRP1;POSTN;THBD;SPP1;TNFRSF21;PDGFA;SLCO2A1;ITGAV;PF4;KCNJ8;JAG1;APP;OLR1;MSX1;PRG2
prerank,UV Response Dn,0.5847661858907454,1.6092445410444927,0.0,0.0014747898296026804,0.013,58/144,18.33%,CAV1;PTGFR;KIT;TGFBR2;PPARG;CCN1;HAS2;CELF2;DUSP1;COL11A1;COL3A1;SNAI2;SCHIP1;DLC1;COL1A2;PLPP3;DAB2;FBLN5;F3;COL5A2;PRKCA;NRP1;SERPINE1;AKT3;COL1A1;MET;TFPI;TGFBR3;ADD3;SYNE1;PDGFRB;PTPN21;PTPRM;RND3;NFIB;ID1;NR3C1;EFEMP1;LAMC1;MGLL;FYN;ADGRL2;LPAR1;ITGB3;VLDLR;ACVR2A;MAP1B;ADORA2B;PIK3CD;GRK5;ATP2B4;RGS4;MMP16;PRKAR2B;LTBP1;PMP22;NOTCH2;KALRN
prerank,Adipogenesis,0.5772324076198816,1.5995934521675994,0.0,0.001498199191977326,0.015,38/199,12.01%,LEP;ADIPOQ;FABP4;CIDEA;LPL;ITIH5;CD36;LIPE;CAVIN2;GPX3;GPAM;ITGA7;SORBS1;ENPP2;OMD;PPARG;ANGPT1;MYLK;ACADL;CAVIN1;SPARCL1;ANGPTL4;ORM1;LAMA4;MRAP;SSPN;LIFR;C3;FZD4;COL15A1;CD302;ALDH2;PLIN2;PHLDB1;ABCA1;NABP1;ARL4A;MGLL
prerank,Complement,0.559745168273219,1.5504110598716856,0.0,0.003876590409241331,0.043,107/200,26.26%,C9;ACTN2;KCNIP2;F2;CD36;PLG;IL6;ITIH1;DPP4;F10;KLK1;MMP8;CFH;LRP1;SERPINC1;S100A12;CR1;ZFPM2;GNG2;SERPING1;TIMP2;SERPINB2;C1S;C1R;ZEB1;C3;F3;FCN1;SERPINE1;CDH13;PLA2G4A;CD40LG;MMP13;CXCL1;CPM;FN1;CR2;MMP14;NOTCH4;PIK3CG;MAFF;F8;FYN;PIM1;APOA4;CD55;DOCK4;TNFAIP3;CASP10;ADRA2B;DUSP6;LGALS3;PLA2G7;PIK3R5;CSRP1;PLEK;GZMK;LYN;SPOCK2;L3MBTL4;CASP1;S100A9;PCSK9;LGMN;CDA;ME1;LCK;DGKG;COL4A2;PLAUR;ITGAM;ERAP2;SH2B3;LIPA;LCP2;CTSS;CASP4;DGKH;CP;OLR1;CPQ;MMP12;KYNU;DOCK10;GZMA;CTSB;CTSO;CTSL;DOCK9;WAS;ANXA5;CD59;FCER1G;C1QA;APOBEC3G;CTSV;GNB4;C1QC;JAK2;CTSC;PRSS3;HPCAL4;DYRK2;ADAM9;PLSCR1;CCL5;PDP1
prerank,Allograft Rejection,0.5603706176153882,1.5434712930099417,0.0,0.004060460310074911,0.049,125/200,26.18%,KRT1;RPL3L;F2;IL6;CCL13;MBL2;CCND2;LIF;CCL2;NLRP3;ETS1;CD40LG;CD28;PRKCB;INHBA;TGFB2;IL16;CCL11;CCR2;F2R;TLR1;NOS2;FGR;FCGR2B;CCL19;PTPRC;IRF8;THY1;STAB1;ITK;FLNA;FAS;ELANE;BCAT1;ACVR2A;IL2;STAT4;IL10;CCL22;TLR2;KLRD1;CCR1;CD3G;SRGN;IL18RAP;LY75;SOCS5;LYN;CD3E;SIT1;IRF4;CD4;FYB1;TLR3;IFNGR1;CRTAM;CD96;IL2RA;IL7;ITGB2;CFP;LCK;CD1D;TLR6;CD247;IL1B;IL13;HLA-DOA;HCLS1;IL12B;NCF4;ZAP70;HLA-E;IL4R;CD2;CD79A;LCP2;ST8SIA4;PF4;CTSS;CD86;CD40;CD3D;IL12A;ICAM1;TRAT1;GPR65;CCR5;LY86;CCL4;MAP4K1;CCL7;HLA-DOB;CD80;HDAC9;IFNAR2;HLA-DMB;GZMA;CD8B;IL11;IGSF6;NCR1;IL2RG;MMP9;PRF1;WAS;CXCR3;SPI1;EREG;GALNT1;IL12RB1;TGFB1;HLA-DRA;HLA-DQA1;GBP2;INHBB;HLA-DMA;CSF1;CD7;HIF1A;JAK2;IL15;NCK1;CD8A;CCL5
prerank,Hypoxia,0.5514300421464539,1.5220778487824869,0.0,0.00470528183730379,0.062,76/199,19.81%,LALBA;PYGM;PCK1;IL6;CAV1;HAS1;IGFBP1;TKTL1;ENO3;DCN;CCN5;B4GALNT2;SRPX;AKAP12;FOS;CCN1;ATF3;CCN2;ZFP36;CAVIN1;ANGPTL4;LOX;DUSP1;PKP1;CHST3;S100A4;F3;SLC2A3;PRKCA;SERPINE1;ADM;PPARGC1A;ETS1;COL5A1;KLF6;EDN2;CDKN1C;NR3C1;ALDOB;RRAGD;SLC2A5;PLIN2;TGFBI;PLAC8;MAFF;PIM1;BGN;JUN;PPP1R15A;KLF7;RORA;VLDLR;TMEM45A;TNFAIP3;NFIL3;CAVIN3;PAM;IGFBP3;ADORA2B;ALDOC;ACKR3;PFKFB3;PGF;UGP2;PLAUR;ERRFI1;HMOX1;TES;TIPARP;SLC6A6;CSRP2;GBE1;PNRC1;PGM1;TGFB3;CP
prerank,Apical Junction,0.5502630101218413,1.5123377058995573,0.0,0.005186074126075359,0.075,100/199,26.68%,ACTA1;ACTN3;NRAP;ACTN2;CLDN19;DSC1;CADM3;ADAMTS5;FLNC;COL17A1;CD209;CLDN18;ACTG2;CALB2;CLDN11;CLDN5;CLDN8;FBN1;NEXN;CX3CL1;MMP2;SLIT2;CNTN1;COL9A1;VWF;NECTIN3;CD34;JAM3;PECAM1;VCAN;DSC3;ADAM23;GNAI1;AKT3;LAYN;EPB41L2;CDH8;MYL9;CDH11;COL16A1;ICAM2;LAMC2;TGFBI;SIRPA;PTPRC;THY1;NRXN2;ITGA9;MPZL2;SKAP2;LAMB3;PARVA;MSN;BMP1;CD99;CNN2;ITGB1;CDH3;CLDN14;SPEG;FYB1;FSCN1;MAP3K20;ICAM5;TNFRSF11B;SGCE;VCL;ALOX15B;TRO;CDH6;ITGB4;CD86;ACTN1;ICAM1;CERCAM;NLGN3;RSU1;ZYX;TSPAN4;NEGR1;TRAF1;MMP9;ITGA10;LIMA1;TJP1;MYH9;ARHGEF6;ACTC1;NECTIN1;RAC2;CD274;CLDN15;SYK;PTEN;ADAM9;PARD6G;ARPC2;SDC3;MAPK11;RRAS
prerank,Xenobiotic Metabolism,0.5420574070202503,1.4982998547845192,0.0,0.006019550324908899,0.094,60/198,16.61%,CRP;FABP1;RBP4;CD36;PLG;ABCD2;G6PC;TYR;ATOH8;IGFBP1;PDK4;ITIH1;CDO1;ADH1C;XDH;CES1;IGF1;ARG1;AKR1C2;F10;ABCC2;ALDH3A1;HSD11B1;PROS1;MBL2;FMO1;PTGDS;HSD17B2;AKR1C3;HRG;CYP1A1;FETUB;FBLN1;MAOA;SERPINE1;GCKR;CCL25;NDRG2;AQP9;VNN1;AOX1;ETS2;ALDH2;TGFB2;ANGPTL3;CYP1A2;IRF8;EPHA2;TPST1;GABARAPL1;FAS;CYP26A1;BCAT1;IL1R1;CAT;SLC12A4;ENPEP;LCAT;CYP2C18;CDA
prerank,TGF-beta Signaling,0.5796266644058835,1.481304087873585,0.005422993492407809,0.007359903530588615,0.124,31/54,31.46%,LEFTY2;BMP2;LTBP2;SERPINE1;ID1;CDKN1C;WWTR1;PPP1R15A;SPTBN1;ID3;KLF10;JUNB;TGFBR1;ENG;ACVR1;PMEPA1;BMPR2;THBS1;SMAD6;TJP1;SKI;TGFB1;SMAD1;APC;BMPR1A;CTNNB1;IFNGR2;SMURF2;FKBP1A;SMAD7;SMURF1
prerank,IL-6/JAK/STAT3 Signaling,0.5567663671665897,1.4676183286614235,0.0030991735537190084,0.008058672997471789,0.144,52/87,28.75%,CD36;IL6;LEPR;CXCL3;SOCS3;CNTFR;A2M;IL18R1;CXCL1;ACVRL1;CSF2;PIM1;TNFRSF1B;CD14;JUN;ITGB3;FAS;PDGFC;CSF2RA;IL1R1;TLR2;TNFRSF21;CCR1;PIK3R5;IL15RA;OSMR;IFNGR1;IL2RA;IL7;CRLF2;IL1B;PLA2G2A;ITGA4;IL4R;HMOX1;PF4;IL3RA;CCL7;IL2RG;CBL;CSF2RB;CD38;IL12RB1;TGFB1;CSF1;MAP3K8;STAT2;EBI3;TNFRSF1A;IFNAR1;IL17RA;CXCL11
prerank,Fatty Acid Metabolism,0.5269705281601645,1.4431367854136017,0.0,0.012194900775874264,0.214,26/157,12.73%,FABP1;GPD1;CA4;CIDEA;AQP7;CEL;CD36;G0S2;AOC3;ADH1C;ENO3;INMT;ALDH3A1;ALDH1A1;ACADL;FMO1;ACSL1;CYP1A1;ACSL4;MAOA;VNN1;ACSM3;HSD17B11;MGLL;PPARA;GABARAPL1
prerank,IL-2/STAT5 Signaling,0.5237514364759241,1.4420609528191788,0.0,0.011657862462573568,0.216,103/199,29.27%,PENK;ITIH5;ENO3;SELP;IL1RL1;NT5E;SERPINC1;PLAGL1;SHE;EMP1;BMP2;PTH1R;ABCB1;SCN9A;CCND2;LIF;SLC2A3;NRP1;CAPN3;PRNP;PLPP1;FGL2;CCR4;IL18R1;KLF6;F2RL2;CDKN1C;TNFRSF8;COL6A1;RRAGD;PLIN2;CD79B;LRRC8C;GLIPR2;CSF2;IRF8;ARL4A;MAFF;SYT11;TLR7;PIM1;TNFRSF1B;GABARAPL1;SH3BGRL2;RORA;IL10RA;MYO1E;RGS16;SPP1;IL10;TNFRSF21;BATF3;NFIL3;ADAM19;AHNAK;WLS;EOMES;IRF4;CST7;IFNGR1;IL2RA;CD48;CTLA4;ICOS;IL13;GUCY1B1;ITGAV;IL4R;SOCS2;CD86;PTCH1;GPR65;BMPR2;CD83;IL3RA;TNFRSF9;AHR;SWAP70;ITGA6;GADD45B;TRAF1;PRKCH;HOPX;IGF2R;NDRG1;NCS1;CSF1;MAP3K8;DENND5A;SPRY4;S100A1;IKZF2;PLSCR1;GATA1;SNX9;FLT3LG;PHLDA1;TNFRSF4;CCND3;ANXA4;CTSZ;TWSG1;DHRS3
prerank,Bile Acid Metabolism,0.527768558292051,1.4233493141236533,0.0051813471502590676,0.015036203074746122,0.284,27/112,11.51%,GC;AGXT;ABCA8;ABCA9;LIPE;ABCD2;HAO1;ABCA6;APOA1;NR1H4;ALDH1A1;BMP6;AKR1D1;BBOX1;CH25H;CYP8B1;DIO2;ACSL1;CYP39A1;CYP7B1;RXRG;NR3C2;AQP9;CYP7A1;ABCA1;SULT1B1;HSD17B11
prerank,Interferon Gamma Response,0.5113431393560979,1.4047865741432124,0.001006036217303823,0.018708762409816858,0.356,107/200,33.90%,IL6;PTGS2;SELP;CFH;SERPING1;SOCS3;C1S;SSPN;C1R;P2RY14;CCL2;GBP6;BANK1;PLA2G4A;FGL2;ARID5B;LATS2;CD69;TXNIP;IRF8;ARL4A;TNFAIP6;CMKLR1;PIM1;FPR1;PELI1;METTL7B;FAS;IL10RA;STAT4;TNFAIP3;IL15RA;IRF4;CASP1;KLRK1;IL7;SOD2;MX2;GPR18;VAMP5;UPP1;IL4R;NOD1;APOL6;LCP2;ST8SIA4;CD86;CD40;CASP4;ICAM1;RSAD2;EPSTI1;NAMPT;MARCHF1;CCL7;XCL1;SAMHD1;IFNAR2;GZMA;CIITA;CSF2RB;CDKN1A;CD38;HLA-DQA1;IFIT2;HLA-DMA;ST3GAL5;PML;SAMD9L;PDE4B;CD274;HIF1A;JAK2;NLRC5;XAF1;IL15;HLA-DRB1;ITGB7;MT2A;STAT2;PLSCR1;CCL5;IFI44L;B2M;NMI;SLAMF7;IL18BP;ZBP1;BTG1;CXCL11;IFI30;RTP4;LY6E;IFI44;CD74;NCOA3;FCGR1A;STAT3;EIF4E3;PFKP;HERC6;OAS2;IFIT3;NFKB1;CXCL9;SPPL2A;IFIH1
prerank,Apoptosis,0.5084507210468813,1.3916934967745411,0.004028197381671702,0.021670381169672036,0.415,61/161,23.70%,F2;GPX3;IL6;CAV1;DCN;IGFBP6;ANXA1;ATF3;MMP2;GSN;EMP1;EGR3;BMP2;LUM;FEZ1;TIMP2;IL1A;HGF;CCND2;TGFBR3;PLPPR4;PDGFRB;AVPR1A;CD69;TXNIP;DPYD;TGFB2;F2R;NEDD9;TIMP3;BGN;CD14;JUN;FAS;ANKH;LGALS3;CASP1;IFNGR1;SOD2;IL1B;CFLAR;CD2;HMOX1;SATB1;PLCB2;CASP4;APP;BIRC3;BCL2L10;BTG3;GADD45B;SC5D;PRF1;NEFH;CDKN1A;EREG;CD38;IGF2R;MCL1;CYLD;RETSAT
prerank,KRAS Signaling Dn,0.5002195578501724,1.3898563598190248,0.0010030090270812437,0.02129826351322312,0.424,78/199,23.68%,KRT1;CKM;MYH7;MYOT;NOS1;KLK8;KLK7;SMPX;AMBN;SPRR3;PTGFR;SLC16A7;SCGB1A1;ITIH3;KRT4;LGALS7;FGF16;RYR1;ZBTB16;PAX3;KRT5;CLDN16;EDN1;CLDN8;KCNMB1;CPA2;TGM1;PKP1;SERPINB2;CYP39A1;SOX10;KRT13;SYNPO;SGK1;KRT15;TCL1A;TENM2;EDAR;COPZ2;SHOX2;CNTFR;CD40LG;TGFB2;SLC6A14;EDN2;PRKN;ATP4A;OXT;NPY4R;TSHB;KLHDC8A;ABCB11;EPHA5;SELENOP;DLK2;CALML5;HTR1B;TCF7L1;NRIP2;IL12B;DCC;CAMK1D;TFCP2L1;RSAD2;KCND1;P2RY4;SERPINA10;CCR8;CD80;THRB;ITGB1BP2;ABCG4;NUDT11;PRODH;PLAG1;ACTC1;EGF;CHST2
prerank,p53 Pathway,0.4570796709030933,1.2439462583231904,0.04618473895582329,0.1167696450227128,0.962,86/199,30.44%,KLK8;TNNI1;CLCA2;TP63;ZBTB16;FOS;KLF4;ATF3;KRT17;BMP2;PTPN14;IL1A;CCND2;S100A4;LIF;CDH13;HBEGF;SERPINB5;CEBPA;TXNIP;CDKN2B;RRAD;TGFA;TNFSF9;F2R;TCN2;PLK3;EPHA2;JUN;PPP1R15A;ZMAT3;FAS;RGS16;SPHK1;PDGFA;CASP1;ZFP36L1;TCHH;NOTCH1;PERP;PROCR;ALOX15B;UPP1;SDC1;S100A10;HMOX1;CD82;ITGB4;DGKA;APP;PTPRE;VWA5A;TSC22D1;FBXW7;CDKN1A;GPX2;TGFB1;RAP2B;SFN;PHLDA3;RETSAT;NDRG1;INHBB;GM2A;DRAM1;VDR;GADD45A;SESN1;SAT1;FOXO3;STOM;ZNF365;STEAP3;TM4SF1;BTG2;BTG1;CCND3;PRMT2;TSPYL2;ERCC5;RNF19B;IFI30;ADA;RB1;TPD52L1;TAX1BP3
prerank,Myc Targets V1,-0.2784453993282982,-1.1928360962499025,0.0,0.20793180133432174,0.2395543175487465,196/200,66.92%,PSMD3;MAD2L1;NME1;MCM2;CCT2;CDC45;RUVBL2;TYMS;CCNA2;H2AZ1;PCNA;MRPL23;POLD2;TRIM28;CYC1;GOT2;HSPE1;TUFM;BUB3;TXNL4A;MCM7;NHP2;HPRT1;RNPS1;MCM4;NDUFAB1;RFC4;COPS5;ERH;CBX3;SNRPD1;PSMA6;CDC20;PHB;CSTF2;KPNA2;CLNS1A;VDAC3;PRPF31;RPS10;RRM1;HSPD1;CDK2;GLO1;RRP9;CCT3;APEX1;PSMA1;SNRPA;PA2G4;SNRPD2;RPS2;HNRNPA2B1;PPIA;PRDX3;C1QBP;SNRPA1;MRPS18B;RAN;NOP16;HDGF;PTGES3;NOP56;RPL18;LSM7;HNRNPC;AIMP2;RANBP1;VDAC1;PPM1G;CCT7;IMPDH2;PHB2;DUT;PSMD14;CCT5;SSBP1;RPS5;PRPS2;PSMC4;PCBP1;GSPT1;HSP90AB1;FAM120A;SRSF1;VBP1;EIF3B;NPM1;COX5A;ACP1;SNRPG;PSMA7;LSM2;NOLC1;YWHAE;SRSF2;POLE3;NCBP2;HNRNPU;ILF2;PSMC6;CTPS1;KPNB1;EXOSC7;PSMA4;MCM6;RSL1D1;MRPL9;CDK4;RPL14;PRDX4;HNRNPA1;HNRNPD;TARDBP;RPLP0;MCM5;GNL3;XPOT;EIF2S2;SET;CANX;SRM;SMARCC1;TOMM70;EIF4E;CAD;SNRPB2;EIF3J;IARS1;NAP1L1;RAD23B;PSMA2;PSMB3;EIF4H;DHX15;LDHA;PGK1;HNRNPR;TFDP1;NCBP1;SLC25A3;SRSF7;USP1;UBE2L3;RPS3;XPO1;TRA2B;PABPC1;PWP1;PSMD8;EPRS1;ORC2;SRSF3;SNRPD3;PSMB2;STARD7;SRPK1;SSB;HNRNPA3;CCT4;RACK1;G3BP1;HDAC2;EIF2S1;XRCC6;PSMD1;PABPC4;YWHAQ;SF3B3;CNBP;RPL6;EIF1AX;TCP1;RPL22;AP3S1;ABCE1;HDDC2;RPS6;KARS1;UBE2E1;FBL;UBA2;EIF4G2;ODC1;CUL1;ETF1;SERBP1;SF3A1;RPL34;SYNCRIP;DEK;PSMD7;EIF3D;DDX21;EEF1B2;DDX18
prerank,Myc Targets V2,-0.3786039795632385,-1.380270336168529,0.014492753623188406,0.05604151223128243,0.057103064066852366,34/58,27.89%,TMEM97;SORD;PLK1;PLK4;DCTPP1;IPO4;SLC19A1;HSPE1;NOC4L;MCM4;FARSA;UNG;EXOSC5;CBX3;HK2;PUS1;PPAN;PHB;SLC29A2;HSPD1;LAS1L;RRP12;RRP9;PRMT3;TBRG4;RABEPK;PA2G4;NOP16;NOP56;WDR74;AIMP2;TFB2M;NOP2;GRWD1
prerank,Estrogen Response Early,-0.31837410869111843,-1.411659510431568,0.0,0.055040770941438104,0.04456824512534819,84/200,14.99%,SLC27A2;MSMB;TFF3;TFF1;RET;STC2;ADCY1;KCNK15;SEMA3B;ELOVL2;CCND1;PDZK1;ABCA3;SLC9A3R1;GFRA1;SLC39A6;SIAH2;RARA;MAPT;GJA1;KDM4B;ANXA9;MYB;DHRS2;KRT18;THSD4;SULT2B1;MLPH;ABAT;CA12;RAPGEFL1;SYBU;PGR;KRT19;RETREG1;REEP1;ASB13;CELSR2;SLC7A2;CALCR;SLC19A2;FKBP4;XBP1;RBBP8;TJP3;UGCG;MYBL1;NPY1R;GREB1;CANT1;IL17RB;MED24;PMAIP1;PTGES;RAB17;SEC14L2;KRT8;RASGRP1;TTC39A;BAG1;RHOD;OVOL2;CLDN7;SLC1A4;CBFA2T3;SLC22A5;ITPK1;BLVRB;MINDY1;ARL3;TBC1D30;SLC1A1;BCL2;AMFR;CELSR1;TPBG;FLNB;NADSYN1;CHPT1;GLA;TGIF2;MREG;ESRP2;OLFM1
prerank,G2-M Checkpoint,-0.35741650276095915,-1.5593683118266006,0.0,0.020014825796886584,0.012534818941504178,91/199,21.11%,CCND1;CDC6;GINS2;E2F1;PBK;TOP2A;ESPL1;CKS2;UBE2S;TROAP;NEK2;KIF15;KIF22;MYBL2;UBE2C;CDKN3;H2AX;MAD2L1;CDK1;TPX2;CCNF;AURKB;POLA2;LMNB1;BIRC5;MCM2;CDC7;HMMR;PTTG1;KIF4A;PLK1;TRAIP;PRC1;CDC25A;CDC45;POLQ;CHAF1A;CENPE;PLK4;TACC3;KIF11;RAD54L;CENPA;CCNA2;TLE3;EXO1;H2AZ1;ORC6;JPT1;H2BC12;NSD2;NDC80;AURKA;KIF2C;DDX39A;POLE;CCNB2;NUSAP1;RACGAP1;BUB3;CENPF;MKI67;TTK;STMN1;SLC38A1;HMGB3;SLC7A5;KIF23;ODF2;KNL1;LIG3;SNRPD1;CDC20;NUMA1;DTYMK;KPNA2;SAP30;BUB1;EZH2;CHEK1;MNAT1;FBXO5;HOXC10;TMPO;CKS1B;SUV39H1;STIL;CDC25B;E2F2;SMC4;INCENP
prerank,Pancreas Beta Cells,-0.5251892172648274,-1.7138790456400574,0.019801980198019802,0.013343217197924388,0.005571030640668524,12/40,5.66%,CHGA;GCG;PCSK1;INS;INSM1;PCSK2;NEUROD1;SYT13;SCGN;ABCC8;HNF1A;NKX6-1
prerank,E2F Targets,-0.5428696001643132,-2.324074030866086,0.0,0.0,0.0,98/200,21.13%,ASF1B;WDR90;TOP2A;KIF18B;ESPL1;CKS2;SPAG5;UBE2S;CENPM;MXD3;SPC24;UBE2T;CDCA3;PSMC3IP;KIF22;MYBL2;CDKN3;H2AX;TIMELESS;TK1;MAD2L1;CDK1;CIT;TUBG1;NME1;BRCA1;AURKB;POLA2;HELLS;LMNB1;HMGB2;GINS1;BIRC5;MCM2;SPC25;HMMR;PTTG1;KIF4A;PLK1;NAA38;LIG1;RRM2;E2F8;CDC25A;CENPE;RBBP7;PLK4;TACC3;ATAD2;BUB1B;POP7;DEPDC1;H2AZ1;ORC6;JPT1;PCNA;DCTPP1;GINS4;RAD51AP1;RAD51C;MELK;SNRPB;AURKA;POLD2;DLGAP5;KIF2C;PAICS;DDX39A;CDCA8;POLE;CCNB2;RACGAP1;TRIP13;DSCC1;MCM7;RPA3;TCF19;MCM4;MKI67;STMN1;HMGB3;UNG;NUP107;CDC20;KPNA2;POLD1;RFC2;EZH2;CHEK1;RNASEH2A;TMPO;CKS1B;CCP110;SUV39H1;NCAPD2;CDC25B;SMC4;TBRG4
