AverageShortestPathLength,BetweennessCentrality,ClosenessCentrality,ClusteringCoefficient,Degree,Eccentricity,EdgeCount,Indegree,IsSingleNode,name,NeighborhoodConnectivity,NumberOfDirectedEdges,NumberOfUndirectedEdges,Outdegree,PartnerOfMultiEdgedNodePairs,Radiality,selected,SelfLoops,shared name,Stress,TopologicalCoefficient
2.833333333,0.251721958,0.352941176,0.12244898,98,6,98,49,FALSE,IL6,12.04081633,0,98,49,49,0.962585034,FALSE,0,IL6,280134,0.068571429
3.835714286,0.155837898,0.260707635,0.019704433,58,8,58,29,FALSE,GNG2,3.24137931,0,58,29,29,0.94212828,FALSE,0,GNG2,174644,0.055472264
3.323809524,0.060405302,0.300859599,0.210826211,54,7,54,27,FALSE,PPARG,12.48148148,0,54,27,27,0.952575316,FALSE,0,PPARG,70314,0.102540557
3.10952381,0.094530523,0.321592649,0.239130435,48,7,48,24,FALSE,FGF2,14.66666667,0,48,24,24,0.956948494,FALSE,0,FGF2,103614,0.108333333
3.185714286,0.092196912,0.313901345,0.122529644,46,7,46,23,FALSE,TLR4,11.13043478,0,46,23,23,0.955393586,FALSE,0,TLR4,90710,0.099720782
3.207142857,0.067393613,0.311804009,0.255411255,44,7,44,22,FALSE,CXCL12,14.18181818,0,44,22,22,0.954956268,FALSE,0,CXCL12,69592,0.12400319
3.521428571,0.019365423,0.283975659,0.247619048,42,7,42,21,FALSE,LEP,12.57142857,0,42,21,21,0.948542274,FALSE,0,LEP,33618,0.138147567
3.35952381,0.0279358,0.297661233,0.29047619,42,7,42,21,FALSE,IGF1,16.23809524,0,42,21,21,0.951846453,FALSE,0,IGF1,39674,0.133412043
3.423809524,0.043913687,0.292072323,0.195238095,42,7,42,21,FALSE,DCN,12.38095238,0,42,21,21,0.9505345,FALSE,0,DCN,63036,0.129323308
3.297619048,0.044582525,0.303249097,0.263157895,40,7,40,20,FALSE,CD36,14.25,0,40,20,20,0.953109815,FALSE,0,CD36,54772,0.121982759
3.354761905,0.05282632,0.298083747,0.248366013,36,7,36,18,FALSE,CCN2,15.5,0,36,18,18,0.951943635,FALSE,0,CCN2,70370,0.12601626
3.566666667,0.060255703,0.280373832,0.235294118,36,7,36,18,FALSE,COL3A1,10.38888889,0,36,18,18,0.947619048,FALSE,0,COL3A1,61092,0.126886145
3.471428571,0.02003767,0.288065844,0.359477124,36,7,36,18,FALSE,ADIPOQ,14,0,36,18,18,0.949562682,FALSE,0,ADIPOQ,28960,0.153846154
3.30952381,0.052972391,0.302158273,0.261437908,36,7,36,18,FALSE,MMP2,15.27777778,0,36,18,18,0.952866861,FALSE,0,MMP2,76244,0.133040936
3.745238095,0.020109013,0.267005722,0.345588235,34,8,34,17,FALSE,LIPE,10.82352941,0,34,17,17,0.943974733,FALSE,0,LIPE,26260,0.179411765
3.342857143,0.107506205,0.299145299,0.139705882,34,6,34,17,FALSE,GFAP,10.35294118,0,34,17,17,0.952186589,FALSE,0,GFAP,109034,0.106617647
3.35952381,0.018221915,0.297661233,0.316176471,34,7,34,17,FALSE,PDGFRA,16.11764706,0,34,17,17,0.951846453,FALSE,0,PDGFRA,26418,0.140153453
3.39047619,0.064842655,0.29494382,0.088235294,34,7,34,17,FALSE,VWF,10.05882353,0,34,17,17,0.951214772,FALSE,0,VWF,52646,0.093089663
3.519047619,0.022408747,0.284167794,0.198529412,34,7,34,17,FALSE,KIT,12.52941176,0,34,17,17,0.948590865,FALSE,0,KIT,23364,0.139705882
3.55952381,0.021115559,0.280936455,0.257352941,34,7,34,17,FALSE,FOS,10.52941176,0,34,17,17,0.94776482,FALSE,0,FOS,28828,0.130882353
3.44047619,0.060937506,0.290657439,0.316666667,32,7,32,16,FALSE,LPL,13.8125,0,32,16,16,0.950194363,FALSE,0,LPL,52066,0.152777778
3.347619048,0.041949386,0.298719772,0.225,32,7,32,16,FALSE,CD34,14.0625,0,32,16,16,0.952089407,FALSE,0,CD34,38764,0.127272727
3.954761905,0.023492687,0.252859723,0.295238095,30,7,30,15,FALSE,LUM,9.2,0,30,15,15,0.939698737,FALSE,0,LUM,29392,0.179084967
3.933333333,0.01290273,0.254237288,0.340659341,28,7,28,14,FALSE,FBN1,10.35714286,0,28,14,14,0.940136054,FALSE,0,FBN1,22700,0.17433414
3.535714286,0.01199454,0.282828283,0.32967033,28,7,28,14,FALSE,FGF7,15.64285714,0,28,14,14,0.948250729,FALSE,0,FGF7,22276,0.172222222
3.897619048,0.050925208,0.256566891,0.064102564,26,8,26,13,FALSE,ITGA7,4.461538462,0,26,13,13,0.940864917,FALSE,0,ITGA7,41990,0.110859729
3.6,0.016810865,0.277777778,0.397435897,26,7,26,13,FALSE,EGR1,13.23076923,0,26,13,13,0.946938776,FALSE,0,EGR1,23108,0.158480074
3.49047619,0.022103006,0.286493861,0.243589744,26,7,26,13,FALSE,CAV1,15.07692308,0,26,13,13,0.949173955,FALSE,0,CAV1,20714,0.15625
3.326190476,0.068234177,0.300644238,0.179487179,26,7,26,13,FALSE,PTGS2,15.92307692,0,26,13,13,0.952526725,FALSE,0,PTGS2,70796,0.140796703
3.961904762,0.025110554,0.252403846,0.346153846,26,7,26,13,FALSE,ELN,11.15384615,0,26,13,13,0.939552964,FALSE,0,ELN,43874,0.187744459
3.945238095,0.009442608,0.253470127,0.363636364,24,8,24,12,FALSE,CCL21,8.25,0,24,12,12,0.9398931,FALSE,0,CCL21,11884,0.222972973
3.404761905,0.048838274,0.293706294,0.196969697,24,7,24,12,FALSE,APOB,12.41666667,0,24,12,12,0.950923226,FALSE,0,APOB,38476,0.145582329
3.914285714,0.002567571,0.255474453,0.46969697,24,8,24,12,FALSE,FABP4,13.33333333,0,24,12,12,0.940524781,FALSE,0,FABP4,6704,0.24691358
3.952380952,0.010113314,0.253012048,0.5,24,8,24,12,FALSE,PLIN1,13.16666667,0,24,12,12,0.939747328,FALSE,0,PLIN1,16230,0.242283951
3.304761905,0.038407261,0.30259366,0.242424242,24,7,24,12,FALSE,EDN1,15.75,0,24,12,12,0.952964043,FALSE,0,EDN1,35258,0.144495413
4.69047619,0.039451565,0.21319797,0.333333333,24,9,24,12,FALSE,SCN2A,5.833333333,0,24,12,12,0.924684159,FALSE,0,SCN2A,25720,0.261363636
3.45,0.007456504,0.289855072,0.484848485,24,7,24,12,FALSE,CXCL2,15.08333333,0,24,12,12,0.95,FALSE,0,CXCL2,11180,0.186213992
3.35952381,0.048588494,0.297661233,0.393939394,24,7,24,12,FALSE,CXCR2,15.33333333,0,24,12,12,0.951846453,FALSE,0,CXCR2,61934,0.154040404
3.383333333,0.003775886,0.295566502,0.454545455,24,7,24,12,FALSE,CSF3,18.33333333,0,24,12,12,0.951360544,FALSE,0,CSF3,7360,0.199275362
3.566666667,0.020389773,0.280373832,0.236363636,22,7,22,11,FALSE,FOXO1,15.09090909,0,22,11,11,0.947619048,FALSE,0,FOXO1,15720,0.162837163
4.680952381,0.023332847,0.21363174,0.145454545,22,8,22,11,FALSE,UGT2B4,4.909090909,0,22,11,11,0.924878523,FALSE,0,UGT2B4,24904,0.201581028
3.647619048,0.085547284,0.274151436,0.036363636,22,7,22,11,FALSE,SOX2,6.818181818,0,22,11,11,0.945966958,FALSE,0,SOX2,73088,0.112794613
3.628571429,0.01302788,0.275590551,0.254545455,22,7,22,11,FALSE,FGF10,14.72727273,0,22,11,11,0.946355685,FALSE,0,FGF10,13698,0.180681818
4.39047619,0.038071443,0.227765727,0.422222222,20,8,20,10,FALSE,ALDH1A1,7,0,20,10,10,0.930806608,FALSE,0,ALDH1A1,37240,0.255555556
3.642857143,0.014675068,0.274509804,0.266666667,20,7,20,10,FALSE,ANGPT1,13,0,20,10,10,0.94606414,FALSE,0,ANGPT1,13552,0.192424242
3.852380952,0.010174946,0.259579728,0.266666667,20,8,20,10,FALSE,NGFR,10.6,0,20,10,10,0.941788144,FALSE,0,NGFR,10764,0.236363636
4.433333333,0.00117931,0.22556391,0.577777778,20,8,20,10,FALSE,FOSB,8,0,20,10,10,0.929931973,FALSE,0,FOSB,4928,0.363636364
3.74047619,0.009133579,0.26734564,0.2,20,7,20,10,FALSE,BMP2,10.9,0,20,10,10,0.944071914,FALSE,0,BMP2,7224,0.203773585
3.392857143,0.046877428,0.294736842,0.577777778,20,7,20,10,FALSE,CX3CL1,18.9,0,20,10,10,0.951166181,FALSE,0,CX3CL1,63146,0.194845361
5.15952381,0.022399922,0.193816336,0.333333333,20,9,20,10,FALSE,DSG3,6.3,0,20,10,10,0.915111759,FALSE,0,DSG3,18280,0.273913043
4.076190476,0.032227862,0.245327103,0.177777778,20,7,20,10,FALSE,SNAP25,5.4,0,20,10,10,0.937220603,FALSE,0,SNAP25,31396,0.164516129
4.680952381,0.023487087,0.21363174,0.222222222,20,9,20,10,FALSE,GNG13,6.2,0,20,10,10,0.924878523,FALSE,0,GNG13,25422,0.156410256
3.988095238,0.00102762,0.250746269,0.611111111,18,8,18,9,FALSE,CCL13,9.777777778,0,18,9,9,0.939018465,FALSE,0,CCL13,1434,0.315412186
4.114285714,0.02144933,0.243055556,0.5,18,8,18,9,FALSE,ACTA2,9.888888889,0,18,9,9,0.936443149,FALSE,0,ACTA2,23110,0.247222222
3.85952381,0.008126052,0.259099321,0.388888889,18,7,18,9,FALSE,LOX,11.77777778,0,18,9,9,0.941642371,FALSE,0,LOX,13722,0.238095238
3.564285714,0.010413797,0.280561122,0.222222222,18,7,18,9,FALSE,MMP3,15.44444444,0,18,9,9,0.947667638,FALSE,0,MMP3,14710,0.190277778
4.852380952,0.004663425,0.206084396,0.527777778,18,8,18,9,FALSE,ALDH1A2,6.666666667,0,18,9,9,0.921379981,FALSE,0,ALDH1A2,8424,0.37037037
4.852380952,0.004663425,0.206084396,0.527777778,18,8,18,9,FALSE,ALDH1A3,6.666666667,0,18,9,9,0.921379981,FALSE,0,ALDH1A3,8424,0.37037037
3.935714286,0.00384778,0.254083485,0.583333333,18,8,18,9,FALSE,SLC2A4,15.11111111,0,18,9,9,0.940087464,FALSE,0,SLC2A4,7220,0.294117647
3.904761905,0.015789568,0.256097561,0.138888889,18,8,18,9,FALSE,ADRB2,6.666666667,0,18,9,9,0.940719145,FALSE,0,ADRB2,14084,0.162393162
3.930952381,0.008873145,0.254391278,0.25,18,8,18,9,FALSE,EDN3,6.222222222,0,18,9,9,0.940184645,FALSE,0,EDN3,8070,0.185185185
5.392857143,0.004634018,0.185430464,0.583333333,18,10,18,9,FALSE,SCN4B,7,0,18,9,9,0.910349854,FALSE,0,SCN4B,3658,0.388888889
3.757142857,0.004221601,0.266159696,0.666666667,18,7,18,9,FALSE,ATF3,14,0,18,9,9,0.943731778,FALSE,0,ATF3,9562,0.222222222
4.25,0.00703369,0.235294118,0.5,18,8,18,9,FALSE,EGR2,8.777777778,0,18,9,9,0.933673469,FALSE,0,EGR2,10516,0.295019157
3.64047619,0.0034569,0.274689339,0.25,18,7,18,9,FALSE,FGF16,16.77777778,0,18,9,9,0.946112731,FALSE,0,FGF16,7004,0.209563994
5.347619048,0.004508176,0.18699911,0.638888889,18,9,18,9,FALSE,SCN2B,6.888888889,0,18,9,9,0.911273081,FALSE,0,SCN2B,4718,0.459259259
4.602380952,0.033898479,0.217278841,0.25,18,8,18,9,FALSE,KRT5,5.333333333,0,18,9,9,0.926482021,FALSE,0,KRT5,25338,0.222222222
3.921428571,0.008747842,0.255009107,0.138888889,18,7,18,9,FALSE,LYVE1,7.333333333,0,18,9,9,0.940379009,FALSE,0,LYVE1,7646,0.151300236
4.80952381,0.015515645,0.207920792,0.388888889,18,8,18,9,FALSE,KRT14,6.555555556,0,18,9,9,0.922254616,FALSE,0,KRT14,15286,0.312169312
3.838095238,0.011690947,0.260545906,0.166666667,18,7,18,9,FALSE,SOX10,8.444444444,0,18,9,9,0.942079689,FALSE,0,SOX10,10514,0.154320988
5.435714286,0.012963921,0.183968463,0.416666667,18,9,18,9,FALSE,PKP1,7.111111111,0,18,9,9,0.909475219,FALSE,0,PKP1,13502,0.296296296
5.223809524,0.020485381,0.191431176,0.333333333,18,8,18,9,FALSE,SPRR1B,6.444444444,0,18,9,9,0.913799806,FALSE,0,SPRR1B,20378,0.263888889
3.638095238,0.001248676,0.27486911,0.694444444,18,7,18,9,FALSE,FGF1,18.77777778,0,18,9,9,0.946161322,FALSE,0,FGF1,2728,0.25037037
4.092857143,0.037662458,0.244328098,0.214285714,16,7,16,8,FALSE,CYP2C8,7.875,0,16,8,8,0.936880466,FALSE,0,CYP2C8,48196,0.223484848
4.019047619,0.024456705,0.248815166,0.107142857,16,8,16,8,FALSE,ACSL1,9.125,0,16,8,8,0.938386783,FALSE,0,ACSL1,26806,0.217948718
5.004761905,0.009823209,0.199809705,0.571428571,16,9,16,8,FALSE,MYH11,5.75,0,16,8,8,0.918270165,FALSE,0,MYH11,12172,0.46875
4.080952381,0.005891556,0.24504084,0.571428571,16,8,16,8,FALSE,CIDEA,12.625,0,16,8,8,0.937123421,FALSE,0,CIDEA,7354,0.320512821
4.016666667,0.001105437,0.248962656,0.714285714,16,8,16,8,FALSE,CIDEC,15.75,0,16,8,8,0.938435374,FALSE,0,CIDEC,4514,0.328125
4.064285714,0.013337318,0.246045694,0.214285714,16,8,16,8,FALSE,AGTR1,5.25,0,16,8,8,0.937463557,FALSE,0,AGTR1,9164,0.203125
3.738095238,0.018951451,0.267515924,0.357142857,16,7,16,8,FALSE,THBS2,14.875,0,16,8,8,0.944120505,FALSE,0,THBS2,24118,0.211956522
4.438095238,9.90E-04,0.225321888,0.785714286,16,8,16,8,FALSE,NR4A1,9.5,0,16,8,8,0.929834791,FALSE,0,NR4A1,4778,0.431818182
3.611904762,0.002292044,0.276862228,0.714285714,16,7,16,8,FALSE,CXCL3,16,0,16,8,8,0.946695821,FALSE,0,CXCL3,3698,0.25
4.185714286,0.002611989,0.23890785,0.5,16,7,16,8,FALSE,COL14A1,11.625,0,16,8,8,0.934985423,FALSE,0,COL14A1,5340,0.283536585
5.592857143,0.005988901,0.178799489,0.5,16,9,16,8,FALSE,IVL,7.25,0,16,8,8,0.906268222,FALSE,0,IVL,5810,0.302083333
5.666666667,3.74E-04,0.176470588,0.714285714,16,10,16,8,FALSE,SCN3B,7.25,0,16,8,8,0.904761905,FALSE,0,SCN3B,682,0.517857143
6.095238095,0.010739956,0.1640625,0.142857143,14,9,14,7,FALSE,KLK7,4,0,14,7,7,0.896015549,FALSE,0,KLK7,13842,0.265306122
5.00952381,3.22E-04,0.199619772,0.761904762,14,9,14,7,FALSE,CNN1,6.428571429,0,14,7,7,0.918172983,FALSE,0,CNN1,332,0.535714286
4.311904762,0.009222737,0.231916068,0.619047619,14,8,14,7,FALSE,TAGLN,8.285714286,0,14,7,7,0.932410107,FALSE,0,TAGLN,13766,0.318681319
4.978571429,0.001871308,0.200860832,0.571428571,14,9,14,7,FALSE,ADH1B,7.857142857,0,14,7,7,0.918804665,FALSE,0,ADH1B,3162,0.392857143
3.730952381,0.001478395,0.268028079,0.571428571,14,7,14,7,FALSE,LEPR,19.14285714,0,14,7,7,0.944266278,FALSE,0,LEPR,2068,0.281512605
4.419047619,0.01334651,0.226293103,0.238095238,14,9,14,7,FALSE,GNAL,8.714285714,0,14,7,7,0.930223518,FALSE,0,GNAL,14458,0.186335404
4.852380952,0.009432837,0.206084396,0.238095238,14,9,14,7,FALSE,AKR1C3,4.428571429,0,14,7,7,0.921379981,FALSE,0,AKR1C3,8994,0.243697479
3.719047619,0.009105168,0.268886044,0.19047619,14,7,14,7,FALSE,S100B,11.42857143,0,14,7,7,0.944509232,FALSE,0,S100B,8976,0.188861985
4.09047619,0.003473246,0.244470314,0.285714286,14,8,14,7,FALSE,ANGPTL4,10.14285714,0,14,7,7,0.936929057,FALSE,0,ANGPTL4,4918,0.266409266
4.564285714,0.032271999,0.219092332,0.285714286,14,9,14,7,FALSE,DMD,5.571428571,0,14,7,7,0.927259475,FALSE,0,DMD,24640,0.226190476
4.385714286,0.008663917,0.228013029,0.238095238,14,8,14,7,FALSE,ASPN,6.857142857,0,14,7,7,0.93090379,FALSE,0,ASPN,11150,0.258241758
4.380952381,0.002825311,0.22826087,0.428571429,14,8,14,7,FALSE,COL11A1,8.571428571,0,14,7,7,0.931000972,FALSE,0,COL11A1,5826,0.295566502
4.371428571,0.003462124,0.22875817,0.428571429,14,8,14,7,FALSE,OGN,9.142857143,0,14,7,7,0.931195335,FALSE,0,OGN,6232,0.285714286
3.780952381,0.002268165,0.264483627,0.761904762,14,7,14,7,FALSE,DUSP1,15.71428571,0,14,7,7,0.94324587,FALSE,0,DUSP1,4914,0.261904762
4.44047619,8.41E-04,0.225201072,0.857142857,14,8,14,7,FALSE,EGR3,10,0,14,7,7,0.9297862,FALSE,0,EGR3,3988,0.454545455
5.354761905,9.91E-04,0.186749667,0.80952381,14,9,14,7,FALSE,SCN3A,7.857142857,0,14,7,7,0.911127308,FALSE,0,SCN3A,1244,0.56122449
3.907142857,0.011766282,0.255941499,0.095238095,14,8,14,7,FALSE,DPP4,8,0,14,7,7,0.940670554,FALSE,0,DPP4,10756,0.222689076
3.511904762,0.014930725,0.284745763,0.523809524,14,7,14,7,FALSE,SELP,21.57142857,0,14,7,7,0.948736638,FALSE,0,SELP,10412,0.235478807
3.828571429,0.073923555,0.26119403,0,14,7,14,7,FALSE,SNCA,6.714285714,0,14,7,7,0.942274052,FALSE,0,SNCA,61398,0.15037594
4.802380952,0.020532651,0.208230045,0.380952381,14,8,14,7,FALSE,KRT6B,7,0,14,7,7,0.922400389,FALSE,0,KRT6B,18694,0.298136646
5.4,0.012004457,0.185185185,0.19047619,14,9,14,7,FALSE,NPR1,3.142857143,0,14,7,7,0.910204082,FALSE,0,NPR1,8492,0.301587302
5.09047619,2.27E-06,0.196445276,0.933333333,12,9,12,6,FALSE,LMOD1,7,0,12,6,6,0.916520894,FALSE,0,LMOD1,2,0.636363636
5.09047619,2.27E-06,0.196445276,0.933333333,12,9,12,6,FALSE,ACTG2,7,0,12,6,6,0.916520894,FALSE,0,ACTG2,2,0.636363636
4.033333333,0.005870027,0.247933884,0.4,12,8,12,6,FALSE,CCN1,12.5,0,12,6,6,0.938095238,FALSE,0,CCN1,7652,0.268115942
5.107142857,0.001496545,0.195804196,0.733333333,12,9,12,6,FALSE,ADH1A,8.666666667,0,12,6,6,0.916180758,FALSE,0,ADH1A,2670,0.456140351
5.133333333,3.25E-04,0.194805195,0.733333333,12,9,12,6,FALSE,ADH1C,7.5,0,12,6,6,0.915646259,FALSE,0,ADH1C,462,0.535714286
5.35952381,0.023599273,0.186583741,0.333333333,12,9,12,6,FALSE,RDH5,6.166666667,0,12,6,6,0.911030126,FALSE,0,RDH5,27846,0.411111111
5.2,0.011665656,0.192307692,0.2,12,9,12,6,FALSE,ANK1,3.166666667,0,12,6,6,0.914285714,FALSE,0,ANK1,6264,0.25
5.00952381,0.02243641,0.199619772,0.2,12,10,12,6,FALSE,ANK2,6.5,0,12,6,6,0.918172983,FALSE,0,ANK2,12094,0.243589744
3.461904762,0.035362972,0.288858322,0.266666667,12,7,12,6,FALSE,SAA1,19.66666667,0,12,6,6,0.949757046,FALSE,0,SAA1,47922,0.217228464
5.357142857,5.96E-04,0.186666667,0.866666667,12,9,12,6,FALSE,SCN4A,8.333333333,0,12,6,6,0.911078717,FALSE,0,SCN4A,816,0.595238095
4.14047619,0.015527797,0.241518114,0.4,12,7,12,6,FALSE,SYP,8,0,12,6,6,0.935908649,FALSE,0,SYP,16198,0.261111111
4.778571429,1.02E-04,0.209267564,0.666666667,12,8,12,6,FALSE,MFAP4,9.833333333,0,12,6,6,0.922886297,FALSE,0,MFAP4,140,0.378205128
4.928571429,0.00479656,0.202898551,0.4,12,8,12,6,FALSE,PRELP,6.666666667,0,12,6,6,0.919825073,FALSE,0,PRELP,7740,0.361111111
4.166666667,0.040284131,0.24,0.333333333,12,8,12,6,FALSE,LAMA4,8.5,0,12,6,6,0.93537415,FALSE,0,LAMA4,29564,0.226851852
5.826190476,7.86E-04,0.171638741,0.666666667,12,9,12,6,FALSE,SPRR1A,7.166666667,0,12,6,6,0.901506317,FALSE,0,SPRR1A,962,0.447916667
4.216666667,0.002169285,0.23715415,0.266666667,12,8,12,6,FALSE,VEGFD,10.83333333,0,12,6,6,0.934353741,FALSE,0,VEGFD,2882,0.318627451
5.047619048,0.010244015,0.198113208,0.466666667,12,8,12,6,FALSE,GRIA2,5.666666667,0,12,6,6,0.91739553,FALSE,0,GRIA2,18684,0.377777778
5.114285714,0.009091928,0.195530726,0.466666667,12,8,12,6,FALSE,GRIN2B,4.5,0,12,6,6,0.916034985,FALSE,0,GRIN2B,11358,0.433333333
3.873809524,0.009643496,0.258143823,0.066666667,12,8,12,6,FALSE,SNAI2,10.33333333,0,12,6,6,0.941350826,FALSE,0,SNAI2,10920,0.210144928
5.673809524,3.43E-04,0.176248426,0.866666667,12,10,12,6,FALSE,SCN9A,8.166666667,0,12,6,6,0.904616132,FALSE,0,SCN9A,662,0.628205128
4.673809524,0.001045555,0.213958227,0.1,10,9,10,5,FALSE,DGAT2,8.8,0,10,5,5,0.925024295,FALSE,0,DGAT2,848,0.328
5.092857143,0,0.196353436,1,10,9,10,5,FALSE,MYLK,7.2,0,10,5,5,0.916472303,FALSE,0,MYLK,0,0.654545455
4.119047619,0.004178384,0.242774566,0.3,10,8,10,5,FALSE,TGFBR2,10.8,0,10,5,5,0.936345967,FALSE,0,TGFBR2,3566,0.297142857
4.164285714,0.005780239,0.240137221,0.4,10,8,10,5,FALSE,ADRB3,11.8,0,10,5,5,0.935422741,FALSE,0,ADRB3,6810,0.327777778
5.345238095,8.32E-04,0.187082405,0.4,10,9,10,5,FALSE,CYP2A13,5,0,10,5,5,0.911321672,FALSE,0,CYP2A13,1236,0.369230769
5.233333333,0.011718569,0.191082803,0.2,10,9,10,5,FALSE,CYP19A1,4.8,0,10,5,5,0.913605442,FALSE,0,CYP19A1,9622,0.275
3.676190476,0.015373346,0.272020725,0.2,10,7,10,5,FALSE,CLDN5,17.6,0,10,5,5,0.945383868,FALSE,0,CLDN5,10336,0.249275362
4.161904762,0.004134985,0.2402746,0.5,10,8,10,5,FALSE,GPIHBP1,8.6,0,10,5,5,0.935471331,FALSE,0,GPIHBP1,3546,0.318518519
4.928571429,0.004805815,0.202898551,0.4,10,8,10,5,FALSE,OMD,7.2,0,10,5,5,0.919825073,FALSE,0,OMD,5722,0.368421053
3.792857143,0.008059825,0.263653484,0.2,10,7,10,5,FALSE,BMP6,13.2,0,10,5,5,0.943002915,FALSE,0,BMP6,5574,0.237037037
4.638095238,0.025071379,0.215605749,0.6,10,9,10,5,FALSE,CACNA1G,12.6,0,10,5,5,0.925753158,FALSE,0,CACNA1G,21192,0.302439024
4.142857143,0.034582707,0.24137931,0.2,10,7,10,5,FALSE,CALB2,7.4,0,10,5,5,0.935860058,FALSE,0,CALB2,24956,0.24137931
3.680952381,0.002723555,0.271668823,0.4,10,7,10,5,FALSE,LRP1,20.2,0,10,5,5,0.945286686,FALSE,0,LRP1,3938,0.297058824
4.752380952,0.027341558,0.210420842,0.3,10,8,10,5,FALSE,COL17A1,7.2,0,10,5,5,0.923420797,FALSE,0,COL17A1,17646,0.333333333
4.65,0.002465335,0.215053763,0.4,10,8,10,5,FALSE,SYN2,5.6,0,10,5,5,0.925510204,FALSE,0,SYN2,2950,0.3375
3.7,2.02E-04,0.27027027,0.8,10,7,10,5,FALSE,SOCS3,22.4,0,10,5,5,0.944897959,FALSE,0,SOCS3,300,0.339393939
3.702380952,0.02067403,0.270096463,0.1,10,7,10,5,FALSE,GPX3,13.4,0,10,5,5,0.944849368,FALSE,0,GPX3,18908,0.220689655
4.057142857,0.002478135,0.246478873,0.3,10,8,10,5,FALSE,PAX3,7.4,0,10,5,5,0.937609329,FALSE,0,PAX3,2426,0.248275862
4.647619048,0.0022102,0.215163934,0.6,10,9,10,5,FALSE,LAMA2,6.6,0,10,5,5,0.925558795,FALSE,0,LAMA2,3406,0.347368421
6.035714286,0.014240255,0.165680473,0.2,10,10,10,5,FALSE,DSG4,4.8,0,10,5,5,0.897230321,FALSE,0,DSG4,12094,0.328571429
4.711904762,1.32E-04,0.212228398,0.8,10,8,10,5,FALSE,MFAP5,9.2,0,10,5,5,0.924246842,FALSE,0,MFAP5,348,0.46
4.214285714,2.95E-04,0.237288136,0.6,10,8,10,5,FALSE,PCK1,15,0,10,5,5,0.934402332,FALSE,0,PCK1,322,0.357142857
3.766666667,0.010883575,0.265486726,0.2,10,8,10,5,FALSE,KLF4,13.4,0,10,5,5,0.943537415,FALSE,0,KLF4,9306,0.235714286
3.55952381,0.00321506,0.280936455,0.4,10,7,10,5,FALSE,PXDNL,21.8,0,10,5,5,0.94776482,FALSE,0,PXDNL,4518,0.262650602
4.207142857,0.005881767,0.237691002,0.6,10,7,10,5,FALSE,SLC17A7,8.8,0,10,5,5,0.934548105,FALSE,0,SLC17A7,11822,0.314285714
5.535714286,0.003344136,0.180645161,0.6,10,9,10,5,FALSE,PDE1B,5.4,0,10,5,5,0.907434402,FALSE,0,PDE1B,2684,0.36
5.980952381,1.84E-04,0.167197452,0.7,10,9,10,5,FALSE,GRIN2A,4.4,0,10,5,5,0.898347911,FALSE,0,GRIN2A,130,0.55
3.711904762,0.004384838,0.269403464,0.5,10,7,10,5,FALSE,TIMP2,16.6,0,10,5,5,0.944655005,FALSE,0,TIMP2,3990,0.263492063
6.014285714,0.002495057,0.166270784,0.6,10,9,10,5,FALSE,TGM1,7,0,10,5,5,0.897667638,FALSE,0,TGM1,1528,0.453333333
4.138095238,0.004703309,0.241657077,0.3,10,7,10,5,FALSE,TIMP4,7.8,0,10,5,5,0.93595724,FALSE,0,TIMP4,6890,0.292307692
5.673809524,0.004761905,0.176248426,0.6,10,10,10,5,FALSE,SCN11A,7.8,0,10,5,5,0.904616132,FALSE,0,SCN11A,3170,0.584615385
4.661904762,0.03287903,0.214504597,0,8,8,8,4,FALSE,KLK6,5.25,0,8,4,4,0.92526725,FALSE,0,KLK6,31824,0.283333333
4.173809524,0.012952388,0.239589276,0,8,8,8,4,FALSE,P2RY12,3.25,0,8,4,4,0.935228377,FALSE,0,P2RY12,7784,0.25
4.180952381,0.004761905,0.239179954,0.5,8,8,8,4,FALSE,ACKR4,11,0,8,4,4,0.935082604,FALSE,0,ACKR4,3512,0.413461538
4.595238095,0.006461742,0.21761658,0.166666667,8,8,8,4,FALSE,GSTM5,5.75,0,8,4,4,0.926627794,FALSE,0,GSTM5,5270,0.375
5.114285714,0.00132771,0.195530726,0.5,8,9,8,4,FALSE,ADH4,9.75,0,8,4,4,0.916034985,FALSE,0,ADH4,2524,0.558823529
4.4,7.23E-04,0.227272727,0.333333333,8,8,8,4,FALSE,CAVIN1,5,0,8,4,4,0.930612245,FALSE,0,CAVIN1,466,0.316666667
5.621428571,5.51E-05,0.177890724,0.833333333,8,9,8,4,FALSE,AKR1C1,6.75,0,8,4,4,0.905685131,FALSE,0,AKR1C1,40,0.45
5.621428571,5.51E-05,0.177890724,0.833333333,8,9,8,4,FALSE,AKR1C2,6.75,0,8,4,4,0.905685131,FALSE,0,AKR1C2,40,0.45
4.878571429,0,0.204978038,1,8,8,8,4,FALSE,CYP26B1,9,0,8,4,4,0.920845481,FALSE,0,CYP26B1,0,0.642857143
4.054761905,0.009326273,0.246623605,0,8,8,8,4,FALSE,PTN,7.5,0,8,4,4,0.93765792,FALSE,0,PTN,6904,0.26
4.416666667,0.004761905,0.226415094,0.5,8,8,8,4,FALSE,ANGPTL8,7.25,0,8,4,4,0.930272109,FALSE,0,ANGPTL8,3118,0.388888889
4.657142857,0.024918579,0.214723926,0.166666667,8,8,8,4,FALSE,EPB42,4.5,0,8,4,4,0.925364431,FALSE,0,EPB42,14842,0.285714286
1.2,0.25,0.833333333,0.5,8,2,8,4,FALSE,MASP1,3,0,8,4,4,0.95,FALSE,0,MASP1,6,0.6875
1.2,0.25,0.833333333,0.5,8,2,8,4,FALSE,CFH,3,0,8,4,4,0.95,FALSE,0,CFH,6,0.6875
4.323809524,6.01E-04,0.231277533,0.666666667,8,8,8,4,FALSE,CCL24,8.75,0,8,4,4,0.932167153,FALSE,0,CCL24,1068,0.514705882
4.145238095,0,0.241240666,1,8,8,8,4,FALSE,CCL28,13.75,0,8,4,4,0.935811467,FALSE,0,CCL28,0,0.509259259
4.138095238,0.002101531,0.241657077,0.333333333,8,8,8,4,FALSE,MME,10.5,0,8,4,4,0.93595724,FALSE,0,MME,1926,0.308823529
4.071428571,0,0.245614035,1,8,8,8,4,FALSE,FABP5,19,0,8,4,4,0.937317784,FALSE,0,FABP5,0,0.487179487
3.876190476,0.010394776,0.257985258,0,8,8,8,4,FALSE,THBS4,11.75,0,8,4,4,0.941302235,FALSE,0,THBS4,7328,0.275641026
6.345238095,0.00950108,0.157598499,0.333333333,8,10,8,4,FALSE,RPE65,3.25,0,8,4,4,0.890913508,FALSE,0,RPE65,11152,0.40625
4.628571429,0.003689016,0.216049383,0.5,8,9,8,4,FALSE,MYOCD,6.75,0,8,4,4,0.925947522,FALSE,0,MYOCD,3490,0.5
4.945238095,0.014240255,0.202214733,0.166666667,8,8,8,4,FALSE,PRTN3,4.5,0,8,4,4,0.919484937,FALSE,0,PRTN3,20974,0.285714286
4.335714286,0.001272122,0.230642504,0.333333333,8,8,8,4,FALSE,DPT,12.75,0,8,4,4,0.931924198,FALSE,0,DPT,2584,0.403225806
4.302380952,0.00505879,0.232429441,0.166666667,8,8,8,4,FALSE,GPAM,9.5,0,8,4,4,0.93260447,FALSE,0,GPAM,4636,0.321428571
5.55,3.69E-05,0.18018018,0.5,8,10,8,4,FALSE,SGCD,4.25,0,8,4,4,0.907142857,FALSE,0,SGCD,16,0.472222222
4.480952381,0,0.223166844,1,8,8,8,4,FALSE,ZFP36,11.75,0,8,4,4,0.928960155,FALSE,0,ZFP36,0,0.5875
4.016666667,6.81E-04,0.248962656,0.333333333,8,8,8,4,FALSE,EDNRB,11.75,0,8,4,4,0.938435374,FALSE,0,EDNRB,838,0.338235294
5.233333333,0,0.191082803,1,8,9,8,4,FALSE,NR4A3,8.5,0,8,4,4,0.913605442,FALSE,0,NR4A3,0,0.708333333
4.864285714,0,0.205580029,1,8,8,8,4,FALSE,FBLN2,9.5,0,8,4,4,0.921137026,FALSE,0,FBLN2,0,0.527777778
4.74047619,5.20E-05,0.210949272,0.833333333,8,9,8,4,FALSE,GNG11,12.25,0,8,4,4,0.923663751,FALSE,0,GNG11,72,0.331081081
5.538095238,0.001252141,0.180567498,0.833333333,8,9,8,4,FALSE,PDE1C,6.5,0,8,4,4,0.907385811,FALSE,0,PDE1C,1106,0.433333333
5.538095238,0.001252141,0.180567498,0.833333333,8,9,8,4,FALSE,PDE1A,6.5,0,8,4,4,0.907385811,FALSE,0,PDE1A,1106,0.433333333
4.266666667,0.033485946,0.234375,0.166666667,8,8,8,4,FALSE,PCSK5,7.5,0,8,4,4,0.933333333,FALSE,0,PCSK5,26604,0.304347826
5.983333333,0,0.167130919,1,8,9,8,4,FALSE,GRIA4,5.25,0,8,4,4,0.89829932,FALSE,0,GRIA4,0,0.65625
5.983333333,0,0.167130919,1,8,9,8,4,FALSE,GRIN2C,5.25,0,8,4,4,0.89829932,FALSE,0,GRIN2C,0,0.65625
3.733333333,0.005768728,0.267857143,0.333333333,8,7,8,4,FALSE,IL33,19.25,0,8,4,4,0.944217687,FALSE,0,IL33,4308,0.326271186
3.65,0.001905951,0.273972603,0.5,8,7,8,4,FALSE,MRC1,27,0,8,4,4,0.945918367,FALSE,0,MRC1,2182,0.351973684
5.411904762,0,0.184777827,1,8,9,8,4,FALSE,KRT17,7.25,0,8,4,4,0.909961127,FALSE,0,KRT17,0,0.557692308
5.411904762,0,0.184777827,1,8,9,8,4,FALSE,KRT16,7.25,0,8,4,4,0.909961127,FALSE,0,KRT16,0,0.557692308
5.085714286,0.01400238,0.196629213,0,8,9,8,4,FALSE,SEMA3A,2.75,0,8,4,4,0.916618076,FALSE,0,SEMA3A,10038,0.25
6.088095238,0,0.164254986,1,8,10,8,4,FALSE,SCN7A,8,0,8,4,4,0.896161322,FALSE,0,SCN7A,0,0.8
4.442857143,0,0.225080386,1,6,8,6,3,FALSE,ADAMTS2,13.66666667,0,6,3,3,0.929737609,FALSE,0,ADAMTS2,0,0.569444444
4.40952381,0,0.226781857,1,6,8,6,3,FALSE,RBP4,16,0,6,3,3,0.930417881,FALSE,0,RBP4,0,0.592592593
4.40952381,0.004761905,0.226781857,0.333333333,6,8,6,3,FALSE,RARRES2,13.33333333,0,6,3,3,0.930417881,FALSE,0,RARRES2,5556,0.5
4.504761905,0.001439079,0.221987315,0.333333333,6,9,6,3,FALSE,AVPR2,15.33333333,0,6,3,3,0.928474247,FALSE,0,AVPR2,920,0.384615385
4.29047619,0.001479982,0.233074362,0,6,8,6,3,FALSE,AKAP12,7.666666667,0,6,3,3,0.932847425,FALSE,0,AKAP12,1014,0.333333333
4.614285714,0.001060175,0.216718266,0.333333333,6,9,6,3,FALSE,HTR2B,13,0,6,3,3,0.926239067,FALSE,0,HTR2B,834,0.361904762
4.230952381,0,0.236353405,1,6,8,6,3,FALSE,AGTR2,9.666666667,0,6,3,3,0.934062196,FALSE,0,AGTR2,0,0.50877193
4.247619048,0.009673087,0.235426009,0.333333333,6,8,6,3,FALSE,PTGDS,7.666666667,0,6,3,3,0.93372206,FALSE,0,PTGDS,8624,0.366666667
4.316666667,0.004761905,0.231660232,0.333333333,6,7,6,3,FALSE,ALDH1L1,8.333333333,0,6,3,3,0.932312925,FALSE,0,ALDH1L1,4334,0.421052632
4.530952381,0.006326851,0.220704151,0,6,8,6,3,FALSE,PTPRB,5.333333333,0,6,3,3,0.927939747,FALSE,0,PTPRB,5872,0.361111111
4.226190476,3.72E-06,0.236619718,0.666666667,6,8,6,3,FALSE,ANGPT4,14.66666667,0,6,3,3,0.934159378,FALSE,0,ANGPT4,8,0.543209877
5.511904762,0.001732305,0.181425486,0.333333333,6,9,6,3,FALSE,DTX1,4.666666667,0,6,3,3,0.907920311,FALSE,0,DTX1,860,0.433333333
5.188095238,0.002654657,0.192748967,0.333333333,6,9,6,3,FALSE,AQP1,4,0,6,3,3,0.914528669,FALSE,0,AQP1,1692,0.407407407
4.25,0.027187278,0.235294118,0,6,8,6,3,FALSE,HBB,8.333333333,0,6,3,3,0.933673469,FALSE,0,HBB,19106,0.333333333
3.661904762,0,0.273081925,1,6,7,6,3,FALSE,SAA2,22.33333333,0,6,3,3,0.945675413,FALSE,0,SAA2,0,0.391812865
4.602380952,0.015419351,0.217278841,0,6,8,6,3,FALSE,ASCL1,5,0,6,3,3,0.926482021,FALSE,0,ASCL1,11964,0.333333333
1,0.166666667,1,0.666666667,6,1,6,3,FALSE,BHMT,2.333333333,0,6,3,3,1,FALSE,0,BHMT,2,0.777777778
1,0.166666667,1,0.666666667,6,1,6,3,FALSE,BHMT2,2.333333333,0,6,3,3,1,FALSE,0,BHMT2,2,0.777777778
4.585714286,0.004761905,0.218068536,0.333333333,6,8,6,3,FALSE,FST,5.333333333,0,6,3,3,0.926822157,FALSE,0,FST,3306,0.416666667
1.4,0,0.714285714,1,6,2,6,3,FALSE,C1S,3.666666667,0,6,3,3,0.9,FALSE,0,C1S,0,0.733333333
1.4,0,0.714285714,1,6,2,6,3,FALSE,SERPING1,3.666666667,0,6,3,3,0.9,FALSE,0,SERPING1,0,0.733333333
5.130952381,0.009512445,0.194895592,0,6,8,6,3,FALSE,WT1,2.333333333,0,6,3,3,0.915694849,FALSE,0,WT1,6082,0.333333333
4.661904762,3.26E-04,0.214504597,0.666666667,6,8,6,3,FALSE,PDPN,8,0,6,3,3,0.92526725,FALSE,0,PDPN,290,0.421052632
3.738095238,0.001482577,0.267515924,0.333333333,6,7,6,3,FALSE,CD209,24.66666667,0,6,3,3,0.944120505,FALSE,0,CD209,1902,0.426900585
4.319047619,0.004761905,0.231532525,0.333333333,6,8,6,3,FALSE,EMCN,8.666666667,0,6,3,3,0.932264334,FALSE,0,EMCN,3772,0.378787879
4.069047619,0.013312651,0.245757753,0,6,8,6,3,FALSE,NT5E,9.666666667,0,6,3,3,0.937366375,FALSE,0,NT5E,9308,0.361111111
5.978571429,0.005348745,0.167264038,0,6,9,6,3,FALSE,NIPAL4,2.666666667,0,6,3,3,0.898396501,FALSE,0,NIPAL4,3526,0.333333333
4.29047619,0.00950108,0.233074362,0.333333333,6,8,6,3,FALSE,PTGIS,6,0,6,3,3,0.932847425,FALSE,0,PTGIS,5828,0.377777778
4.685714286,0,0.213414634,1,6,9,6,3,FALSE,PLIN4,12.33333333,0,6,3,3,0.924781341,FALSE,0,PLIN4,0,0.649122807
3.988095238,7.06E-04,0.250746269,0,6,8,6,3,FALSE,CTSK,16.33333333,0,6,3,3,0.939018465,FALSE,0,CTSK,1284,0.37398374
4.70952381,0.01447351,0.212335693,0,6,9,6,3,FALSE,LHCGR,11.66666667,0,6,3,3,0.924295432,FALSE,0,LHCGR,11578,0.333333333
4.419047619,0.009641929,0.226293103,0,6,8,6,3,FALSE,DGKI,7.666666667,0,6,3,3,0.930223518,FALSE,0,DGKI,5718,0.392156863
5.554761905,0.004761905,0.180025718,0.333333333,6,10,6,3,FALSE,PGM5,4,0,6,3,3,0.907045675,FALSE,0,PGM5,3552,0.523809524
1,0.666666667,1,0.333333333,6,1,6,3,FALSE,KCNC1,1.666666667,0,6,3,3,1,FALSE,0,KCNC1,4,0.666666667
6.033333333,0,0.165745856,1,6,10,6,3,FALSE,DSC1,9,0,6,3,3,0.897278912,FALSE,0,DSC1,0,0.692307692
3.978571429,0.004253176,0.251346499,0.333333333,6,8,6,3,FALSE,OXTR,16.66666667,0,6,3,3,0.939212828,FALSE,0,OXTR,7116,0.388888889
4.45952381,0.00282531,0.224239188,0.333333333,6,8,6,3,FALSE,HTR1E,16,0,6,3,3,0.929397473,FALSE,0,HTR1E,3130,0.382113821
4.514285714,8.46E-06,0.221518987,0,6,8,6,3,FALSE,KLB,11.33333333,0,6,3,3,0.928279883,FALSE,0,KLB,14,0.738095238
4.514285714,8.46E-06,0.221518987,0,6,8,6,3,FALSE,KL,11.33333333,0,6,3,3,0.928279883,FALSE,0,KL,14,0.738095238
4.211904762,1.19E-04,0.237422272,0.666666667,6,7,6,3,FALSE,NEFL,11.33333333,0,6,3,3,0.934450923,FALSE,0,NEFL,72,0.453333333
4.8,0,0.208333333,1,6,9,6,3,FALSE,KCNJ3,14.33333333,0,6,3,3,0.92244898,FALSE,0,KCNJ3,0,0.421568627
4.823809524,0.00950108,0.207305035,0.333333333,6,9,6,3,FALSE,TACR1,11,0,6,3,3,0.921963071,FALSE,0,TACR1,9996,0.355555556
4.44047619,5.56E-04,0.225201072,0.333333333,6,8,6,3,FALSE,IL1RL1,7.666666667,0,6,3,3,0.9297862,FALSE,0,IL1RL1,368,0.385964912
4.726190476,0,0.211586902,1,6,9,6,3,FALSE,LAMC3,8,0,6,3,3,0.923955296,FALSE,0,LAMC3,0,0.5
5.528571429,0.005061388,0.180878553,0.333333333,6,9,6,3,FALSE,KCNA1,5.666666667,0,6,3,3,0.907580175,FALSE,0,KCNA1,2346,0.380952381
5.266666667,0.005343087,0.189873418,0.333333333,6,9,6,3,FALSE,KCNA2,5.666666667,0,6,3,3,0.91292517,FALSE,0,KCNA2,2478,0.380952381
6.430952381,6.65E-04,0.155497964,0.666666667,6,10,6,3,FALSE,KLK5,4,0,6,3,3,0.889164237,FALSE,0,KLK5,1422,0.5
5.630952381,0.006612355,0.177589852,0.333333333,6,9,6,3,FALSE,SPINK5,4.666666667,0,6,3,3,0.905490768,FALSE,0,SPINK5,7778,0.541666667
4.419047619,0.021207303,0.226293103,0.333333333,6,8,6,3,FALSE,TP63,9.666666667,0,6,3,3,0.930223518,FALSE,0,TP63,18990,0.444444444
4.788095238,7.66E-05,0.208851318,0.666666667,6,8,6,3,FALSE,PROX1,6,0,6,3,3,0.922691934,FALSE,0,PROX1,146,0.461538462
6.347619048,1.70E-05,0.157539385,0.666666667,6,10,6,3,FALSE,RLBP1,4,0,6,3,3,0.890864917,FALSE,0,RLBP1,6,0.5
5.633333333,0.002350112,0.177514793,0,4,9,4,2,FALSE,A2ML1,5.5,0,4,2,2,0.905442177,FALSE,0,A2ML1,4260,0.642857143
4.55952381,0.004761905,0.219321149,0,4,8,4,2,FALSE,ABCA6,6,0,4,2,2,0.927356657,FALSE,0,ABCA6,2946,0.5
4.773809524,0.001302563,0.209476309,0,4,8,4,2,FALSE,ABCB1,6,0,4,2,2,0.922983479,FALSE,0,ABCB1,888,0.5
5.011904762,0.004761905,0.199524941,0,4,9,4,2,FALSE,SLC27A2,4.5,0,4,2,2,0.918124393,FALSE,0,SLC27A2,4802,0.5
4.678571429,3.61E-04,0.213740458,0,4,8,4,2,FALSE,ADAM12,9,0,4,2,2,0.924927114,FALSE,0,ADAM12,230,0.5
4.302380952,0.004761905,0.232429441,0,4,8,4,2,FALSE,RECK,9.5,0,4,2,2,0.93260447,FALSE,0,RECK,3210,0.5
4.823809524,0.00950108,0.207305035,0,4,9,4,2,FALSE,ADGRD1,15.5,0,4,2,2,0.921963071,FALSE,0,ADGRD1,9996,0.5
5.816666667,0.004761905,0.171919771,0,4,10,4,2,FALSE,NPR3,1.5,0,4,2,2,0.90170068,FALSE,0,NPR3,5000,0.5
4.428571429,0,0.225806452,1,4,8,4,2,FALSE,MLXIPL,17.5,0,4,2,2,0.930029155,FALSE,0,MLXIPL,0,0.795454545
4.923809524,0.00163939,0.203094778,0,4,9,4,2,FALSE,PTGFR,7.5,0,4,2,2,0.919922255,FALSE,0,PTGFR,998,0.5
5.697619048,0,0.17551191,1,4,10,4,2,FALSE,HSD17B2,6,0,4,2,2,0.904130224,FALSE,0,HSD17B2,0,0.666666667
4.780952381,1.75E-04,0.209163347,0,4,9,4,2,FALSE,ALK,4.5,0,4,2,2,0.922837707,FALSE,0,ALK,182,0.5
4.897619048,8.84E-06,0.204180846,0,4,9,4,2,FALSE,PDK4,8,0,4,2,2,0.920456754,FALSE,0,PDK4,12,0.583333333
5.754761905,0,0.173769135,1,4,10,4,2,FALSE,MAML2,6,0,4,2,2,0.902964043,FALSE,0,MAML2,0,0.666666667
4.254761905,7.16E-04,0.235030778,0,4,8,4,2,FALSE,STAB2,10.5,0,4,2,2,0.933576288,FALSE,0,STAB2,554,0.5
4.783333333,0.004260863,0.209059233,0,4,9,4,2,FALSE,AQP7,7.5,0,4,2,2,0.922789116,FALSE,0,AQP7,3646,0.5
5.59047619,0.00950108,0.178875639,0,4,9,4,2,FALSE,INSM1,2.5,0,4,2,2,0.906316812,FALSE,0,INSM1,7376,0.5
5.033333333,7.43E-04,0.198675497,0,4,9,4,2,FALSE,ID4,6,0,4,2,2,0.917687075,FALSE,0,ID4,592,0.5
5.366666667,0,0.186335404,1,4,9,4,2,FALSE,CILP,7,0,4,2,2,0.910884354,FALSE,0,CILP,0,0.7
6.583333333,0.004761905,0.151898734,0,4,10,4,2,FALSE,BBOX1,1.5,0,4,2,2,0.886054422,FALSE,0,BBOX1,2496,0.5
5.59047619,0.00950108,0.178875639,0,4,9,4,2,FALSE,TRIM29,5.5,0,4,2,2,0.906316812,FALSE,0,TRIM29,4988,0.5
6.638095238,0.004761905,0.150645624,0,4,10,4,2,FALSE,LDB2,1.5,0,4,2,2,0.884936832,FALSE,0,LDB2,2686,0.5
1.333333333,0,0.75,1,4,2,4,2,FALSE,DMGDH,3,0,4,2,2,0.888888889,FALSE,0,DMGDH,0,1
1.333333333,0,0.75,1,4,2,4,2,FALSE,TAT,3,0,4,2,2,0.888888889,FALSE,0,TAT,0,1
4.05952381,6.21E-04,0.246334311,0,4,8,4,2,FALSE,FSTL1,16.5,0,4,2,2,0.937560739,FALSE,0,FSTL1,310,0.5
4.59047619,0,0.217842324,1,4,8,4,2,FALSE,GREM2,7.5,0,4,2,2,0.926724976,FALSE,0,GREM2,0,0.625
4.333333333,2.18E-04,0.230769231,0,4,8,4,2,FALSE,TMPRSS6,13,0,4,2,2,0.931972789,FALSE,0,TMPRSS6,264,0.5
1,1,1,0,4,1,4,2,FALSE,DEFB1,1,0,4,2,2,1,FALSE,0,DEFB1,2,0
4.342857143,0,0.230263158,1,4,8,4,2,FALSE,C6,9,0,4,2,2,0.931778426,FALSE,0,C6,0,0.5625
4.342857143,0,0.230263158,1,4,8,4,2,FALSE,C7,9,0,4,2,2,0.931778426,FALSE,0,C7,0,0.5625
4.264285714,0,0.234505863,1,4,7,4,2,FALSE,CHAT,11,0,4,2,2,0.933381924,FALSE,0,CHAT,0,0.578947368
4.516666667,0,0.221402214,1,4,8,4,2,FALSE,CARTPT,14,0,4,2,2,0.928231293,FALSE,0,CARTPT,0,0.666666667
1,1,1,0,4,1,4,2,FALSE,CASQ2,1,0,4,2,2,1,FALSE,0,CASQ2,2,0
4.464285714,0,0.224,1,4,8,4,2,FALSE,CAV2,8.5,0,4,2,2,0.929300292,FALSE,0,CAV2,0,0.607142857
4.464285714,0,0.224,1,4,8,4,2,FALSE,CAVIN2,8.5,0,4,2,2,0.929300292,FALSE,0,CAVIN2,0,0.607142857
4.354761905,0,0.22963368,1,4,8,4,2,FALSE,CCL16,10,0,4,2,2,0.931535471,FALSE,0,CCL16,0,0.833333333
4.94047619,0,0.202409639,1,4,9,4,2,FALSE,CCL23,8,0,4,2,2,0.919582119,FALSE,0,CCL23,0,0.666666667
4.321428571,2.12E-04,0.231404959,0,4,7,4,2,FALSE,MOG,10,0,4,2,2,0.932215743,FALSE,0,MOG,138,0.529411765
4.576190476,0.007183228,0.218522373,0,4,8,4,2,FALSE,CES1,14,0,4,2,2,0.927016521,FALSE,0,CES1,5064,0.5
1.6,0.05,0.625,0,4,2,4,2,FALSE,CFI,3,0,4,2,2,0.85,FALSE,0,CFI,2,0.666666667
1.6,0.05,0.625,0,4,2,4,2,FALSE,CR1,3,0,4,2,2,0.85,FALSE,0,CR1,2,0.666666667
5.283333333,0.004761905,0.189274448,0,4,9,4,2,FALSE,CH25H,2,0,4,2,2,0.912585034,FALSE,0,CH25H,2916,0.5
4.973809524,0.001260716,0.201053135,0,4,9,4,2,FALSE,DIO2,5,0,4,2,2,0.918901846,FALSE,0,DIO2,1556,0.5
4.652380952,0.009181897,0.214943705,0,4,8,4,2,FALSE,CLDN11,3.5,0,4,2,2,0.925461613,FALSE,0,CLDN11,5634,0.5
5.566666667,0.004758288,0.179640719,0,4,9,4,2,FALSE,CLDN8,2,0,4,2,2,0.906802721,FALSE,0,CLDN8,3082,0.5
6.323809524,0.001292756,0.15813253,0,4,10,4,2,FALSE,CLDN19,2,0,4,2,2,0.891350826,FALSE,0,CLDN19,938,0.5
6.469047619,0.001344863,0.15458226,0,4,10,4,2,FALSE,TRPM6,2.5,0,4,2,2,0.888386783,FALSE,0,TRPM6,364,0.5
4.511904762,0.004761905,0.221635884,0,4,8,4,2,FALSE,FCER1A,9,0,4,2,2,0.928328474,FALSE,0,FCER1A,3560,0.5
7.34047619,0,0.136230944,1,4,11,4,2,FALSE,CNGA1,3,0,4,2,2,0.870602527,FALSE,0,CNGA1,0,0.75
7.34047619,0,0.136230944,1,4,11,4,2,FALSE,PCARE,3,0,4,2,2,0.870602527,FALSE,0,PCARE,0,0.75
5.311904762,0.002606095,0.188256387,0,4,9,4,2,FALSE,CNTN1,3,0,4,2,2,0.912001944,FALSE,0,CNTN1,2158,0.5
4.55952381,0,0.219321149,1,4,8,4,2,FALSE,DDR2,12.5,0,4,2,2,0.927356657,FALSE,0,DDR2,0,0.657894737
5.580952381,0,0.179180887,1,4,9,4,2,FALSE,DST,7.5,0,4,2,2,0.906511176,FALSE,0,DST,0,0.625
4.435714286,3.10E-04,0.225442834,0,4,8,4,2,FALSE,TNXB,15.5,0,4,2,2,0.929883382,FALSE,0,TNXB,374,0.537037037
1,1,1,0,4,1,4,2,FALSE,CPA1,1,0,4,2,2,1,FALSE,0,CPA1,2,0
4.985714286,0,0.200573066,1,4,8,4,2,FALSE,CPLX2,7.5,0,4,2,2,0.918658892,FALSE,0,CPLX2,0,0.681818182
4.552380952,0,0.219665272,1,4,8,4,2,FALSE,CREB5,13.5,0,4,2,2,0.92750243,FALSE,0,CREB5,0,0.75
4.195238095,0.002470273,0.238365494,0,4,7,4,2,FALSE,CRYAB,12,0,4,2,2,0.934791059,FALSE,0,CRYAB,2506,0.523809524
5.94047619,0,0.168336673,1,4,9,4,2,FALSE,CTSG,3,0,4,2,2,0.899173955,FALSE,0,CTSG,0,0.75
5.94047619,0,0.168336673,1,4,9,4,2,FALSE,PADI4,3,0,4,2,2,0.899173955,FALSE,0,PADI4,0,0.75
4.15952381,0.016782258,0.240412135,0,4,8,4,2,FALSE,SLIT2,13,0,4,2,2,0.935519922,FALSE,0,SLIT2,11826,0.5
5.673809524,0,0.176248426,1,4,9,4,2,FALSE,HSD11B1,8,0,4,2,2,0.904616132,FALSE,0,HSD11B1,0,0.666666667
4.180952381,3.23E-04,0.239179954,0,4,8,4,2,FALSE,TNMD,12.5,0,4,2,2,0.935082604,FALSE,0,TNMD,302,0.5
4.761904762,0,0.21,1,4,8,4,2,FALSE,DCT,7,0,4,2,2,0.923226433,FALSE,0,DCT,0,0.7
5.411904762,0.004761905,0.184777827,0,4,9,4,2,FALSE,PLCZ1,2,0,4,2,2,0.909961127,FALSE,0,PLCZ1,2620,0.5
5.314285714,6.28E-04,0.188172043,0,4,10,4,2,FALSE,GPBAR1,4.5,0,4,2,2,0.911953353,FALSE,0,GPBAR1,228,0.5
5.55952381,0,0.17987152,1,4,10,4,2,FALSE,SGCZ,5.5,0,4,2,2,0.906948494,FALSE,0,SGCZ,0,0.785714286
1,1,1,0,4,1,4,2,FALSE,RHOJ,1,0,4,2,2,1,FALSE,0,RHOJ,2,0
4.5,0.002571099,0.222222222,0,4,9,4,2,FALSE,GLP2R,18,0,4,2,2,0.928571429,FALSE,0,GLP2R,990,0.5
4.728571429,0,0.211480363,1,4,8,4,2,FALSE,XPNPEP2,5.5,0,4,2,2,0.923906706,FALSE,0,XPNPEP2,0,0.611111111
1.333333333,0,0.75,1,4,2,4,2,FALSE,DPP6,2.5,0,4,2,2,0.888888889,FALSE,0,DPP6,0,0.833333333
1.333333333,0,0.75,1,4,2,4,2,FALSE,KCNIP2,2.5,0,4,2,2,0.888888889,FALSE,0,KCNIP2,0,0.833333333
7.030952381,0,0.142228242,1,4,11,4,2,FALSE,KRT81,3.5,0,4,2,2,0.876919339,FALSE,0,KRT81,0,0.7
7.030952381,0,0.142228242,1,4,11,4,2,FALSE,KRT86,3.5,0,4,2,2,0.876919339,FALSE,0,KRT86,0,0.7
5.645238095,0.00950108,0.177140447,0,4,9,4,2,FALSE,TAL1,3,0,4,2,2,0.905199223,FALSE,0,TAL1,5368,0.5
4.621428571,0.004761905,0.216383308,0,4,8,4,2,FALSE,SPRY2,6,0,4,2,2,0.926093294,FALSE,0,SPRY2,3272,0.5
5.380952381,0,0.185840708,1,4,10,4,2,FALSE,OR10A6,8.5,0,4,2,2,0.910592809,FALSE,0,OR10A6,0,0.653846154
4.821428571,0,0.207407407,1,4,9,4,2,FALSE,HTR2A,16,0,4,2,2,0.922011662,FALSE,0,HTR2A,0,0.533333333
4.7,0.002765643,0.212765957,0,4,9,4,2,FALSE,GPR17,16.5,0,4,2,2,0.924489796,FALSE,0,GPR17,1102,0.5
5.166666667,0.004761905,0.193548387,0,4,9,4,2,FALSE,TMEM119,2.5,0,4,2,2,0.914965986,FALSE,0,TMEM119,2324,0.5
6.10952381,0,0.163678878,1,4,9,4,2,FALSE,RASGRF2,5.5,0,4,2,2,0.895724004,FALSE,0,RASGRF2,0,0.916666667
4.221428571,0.003686089,0.236886633,0,4,8,4,2,FALSE,GSN,6.5,0,4,2,2,0.93425656,FALSE,0,GSN,4036,0.55
4.692857143,0,0.213089802,1,4,8,4,2,FALSE,TSLP,3.5,0,4,2,2,0.924635569,FALSE,0,TSLP,0,0.7
6.583333333,0.004761905,0.151898734,0,4,10,4,2,FALSE,SORBS1,1.5,0,4,2,2,0.886054422,FALSE,0,SORBS1,3690,0.5
4.861904762,0.006770986,0.205680705,0,4,8,4,2,FALSE,KCNB1,6.5,0,4,2,2,0.921185617,FALSE,0,KCNB1,3788,0.5
4.945238095,0,0.202214733,1,4,8,4,2,FALSE,KERA,11,0,4,2,2,0.919484937,FALSE,0,KERA,0,0.6875
7.09047619,0,0.141034251,1,4,10,4,2,FALSE,KLK8,5,0,4,2,2,0.875704568,FALSE,0,KLK8,0,0.714285714
5.242857143,0.007558769,0.190735695,0,4,9,4,2,FALSE,LIPN,3.5,0,4,2,2,0.913411079,FALSE,0,LIPN,4864,0.5
4.673809524,0,0.213958227,1,4,8,4,2,FALSE,MMP8,5,0,4,2,2,0.925024295,FALSE,0,MMP8,0,0.833333333
5.997619048,0.004761905,0.16673283,0,4,10,4,2,FALSE,RUNX1T1,4.5,0,4,2,2,0.898007775,FALSE,0,RUNX1T1,5922,0.5
5.819047619,0,0.171849427,1,4,10,4,2,FALSE,NALCN,2.5,0,4,2,2,0.901652089,FALSE,0,NALCN,0,0.833333333
5.819047619,0,0.171849427,1,4,10,4,2,FALSE,UNC80,2.5,0,4,2,2,0.901652089,FALSE,0,UNC80,0,0.833333333
4.916666667,0.008174214,0.203389831,0,4,9,4,2,FALSE,PDE3B,5,0,4,2,2,0.920068027,FALSE,0,PDE3B,4746,0.5
6.135714286,0,0.16298021,1,4,10,4,2,FALSE,PDE2A,6,0,4,2,2,0.895189504,FALSE,0,PDE2A,0,0.75
6.354761905,0,0.157362308,1,4,10,4,2,FALSE,RGR,4.5,0,4,2,2,0.890719145,FALSE,0,RGR,0,0.75
4.821428571,0.004761905,0.207407407,0,4,8,4,2,FALSE,SLC6A2,4,0,4,2,2,0.922011662,FALSE,0,SLC6A2,2806,0.5
4.866666667,1.54E-04,0.205479452,0,4,9,4,2,FALSE,TWIST2,4,0,4,2,2,0.921088435,FALSE,0,TWIST2,200,0.6
4.64047619,5.43E-04,0.215495126,0,4,8,4,2,FALSE,ZEB2,6.5,0,4,2,2,0.925704568,FALSE,0,ZEB2,512,0.55
6.219047619,0,0.160796325,1,4,9,4,2,FALSE,SPRR2F,7.5,0,4,2,2,0.893488824,FALSE,0,SPRR2F,0,0.833333333
5.557142857,0,0.179948586,0,2,9,2,1,FALSE,ABCA9,2,0,2,1,1,0.906997085,FALSE,0,ABCA9,0,0
6.00952381,0,0.166402536,0,2,10,2,1,FALSE,ABCD2,2,0,2,1,1,0.89776482,FALSE,0,ABCD2,0,0
5.016666667,0,0.199335548,0,2,9,2,1,FALSE,ACACB,8,0,2,1,1,0.918027211,FALSE,0,ACACB,0,0
5.016666667,0,0.199335548,0,2,9,2,1,FALSE,ACADL,8,0,2,1,1,0.918027211,FALSE,0,ACADL,0,0
5.178571429,0,0.193103448,0,2,9,2,1,FALSE,ACKR1,4,0,2,1,1,0.914723032,FALSE,0,ACKR1,0,0
5.016666667,0,0.199335548,0,2,9,2,1,FALSE,SLC27A6,8,0,2,1,1,0.918027211,FALSE,0,SLC27A6,0,0
5.030952381,0,0.198769522,0,2,9,2,1,FALSE,ADAMTS1,6,0,2,1,1,0.917735666,FALSE,0,ADAMTS1,0,0
4.561904762,0,0.219206681,0,2,8,2,1,FALSE,ADAMTS5,9,0,2,1,1,0.927308066,FALSE,0,ADAMTS5,0,0
4.930952381,0,0.202800579,0,2,8,2,1,FALSE,ADAMTSL4,14,0,2,1,1,0.919776482,FALSE,0,ADAMTSL4,0,0
4.833333333,0,0.206896552,0,2,9,2,1,FALSE,ADCYAP1R1,29,0,2,1,1,0.921768707,FALSE,0,ADCYAP1R1,0,0
5.3,0,0.188679245,0,2,9,2,1,FALSE,ADGRA2,2,0,2,1,1,0.912244898,FALSE,0,ADGRA2,0,0
4.833333333,0,0.206896552,0,2,9,2,1,FALSE,ADGRG4,29,0,2,1,1,0.921768707,FALSE,0,ADGRG4,0,0
1,0,1,0,2,1,2,1,FALSE,ADGRL3,1,0,2,1,1,1,FALSE,0,ADGRL3,0,0
1,0,1,0,2,1,2,1,FALSE,FLRT2,1,0,2,1,1,1,FALSE,0,FLRT2,0,0
4.902380952,0,0.203982516,0,2,9,2,1,FALSE,GPRASP1,9,0,2,1,1,0.920359572,FALSE,0,GPRASP1,0,0
5.061904762,0,0.197554092,0,2,9,2,1,FALSE,MAS1L,8,0,2,1,1,0.917103984,FALSE,0,MAS1L,0,0
5.314285714,0,0.188172043,0,2,8,2,1,FALSE,ALDH1L2,3,0,2,1,1,0.911953353,FALSE,0,ALDH1L2,0,0
5.414285714,0,0.18469657,0,2,9,2,1,FALSE,ANGPTL1,4,0,2,1,1,0.909912536,FALSE,0,ANGPTL1,0,0
6.197619048,0,0.161352286,0,2,10,2,1,FALSE,CHL1,6,0,2,1,1,0.893926142,FALSE,0,CHL1,0,0
4.388095238,0,0.227889311,0,2,8,2,1,FALSE,ANTXR2,17,0,2,1,1,0.930855199,FALSE,0,ANTXR2,0,0
4.645238095,0,0.215274218,0,2,8,2,1,FALSE,ANXA1,11,0,2,1,1,0.925607386,FALSE,0,ANXA1,0,0
4.402380952,0,0.227149811,0,2,8,2,1,FALSE,ITIH2,12,0,2,1,1,0.930563654,FALSE,0,ITIH2,0,0
5.383333333,0,0.185758514,0,2,9,2,1,FALSE,FRZB,7,0,2,1,1,0.910544218,FALSE,0,FRZB,0,0
7.580952381,0,0.131909548,0,2,11,2,1,FALSE,TRIM50,2,0,2,1,1,0.865694849,FALSE,0,TRIM50,0,0
7.635714286,0,0.130963517,0,2,11,2,1,FALSE,BEX1,2,0,2,1,1,0.864577259,FALSE,0,BEX1,0,0
1,0,1,0,2,1,2,1,FALSE,BHLHE22,1,0,2,1,1,1,FALSE,0,BHLHE22,0,0
1,0,1,0,2,1,2,1,FALSE,PRDM8,1,0,2,1,1,1,FALSE,0,PRDM8,0,0
1,0,1,0,2,1,2,1,FALSE,BOC,1,0,2,1,1,1,FALSE,0,BOC,0,0
1,0,1,0,2,1,2,1,FALSE,GAS1,1,0,2,1,1,1,FALSE,0,GAS1,0,0
1.5,0,0.666666667,0,2,2,2,1,FALSE,BRDT,2,0,2,1,1,0.75,FALSE,0,BRDT,0,0
1,0,1,0,2,1,2,1,FALSE,BTNL9,1,0,2,1,1,1,FALSE,0,BTNL9,0,0
1,0,1,0,2,1,2,1,FALSE,MFGE8,1,0,2,1,1,1,FALSE,0,MFGE8,0,0
1,0,1,0,2,1,2,1,FALSE,CADM3,1,0,2,1,1,1,FALSE,0,CADM3,0,0
1,0,1,0,2,1,2,1,FALSE,NECTIN3,1,0,2,1,1,1,FALSE,0,NECTIN3,0,0
1.5,0,0.666666667,0,2,2,2,1,FALSE,PLN,2,0,2,1,1,0.75,FALSE,0,PLN,0,0
1.5,0,0.666666667,0,2,2,2,1,FALSE,RYR3,2,0,2,1,1,0.75,FALSE,0,RYR3,0,0
4.388095238,0,0.227889311,0,2,8,2,1,FALSE,CCN3,17,0,2,1,1,0.930855199,FALSE,0,CCN3,0,0
5.316666667,0,0.188087774,0,2,9,2,1,FALSE,CD300LG,3,0,2,1,1,0.911904762,FALSE,0,CD300LG,0,0
4.323809524,0,0.231277533,0,2,8,2,1,FALSE,CELF2,13,0,2,1,1,0.932167153,FALSE,0,CELF2,0,0
6.976190476,0,0.14334471,0,2,10,2,1,FALSE,CERS3,3,0,2,1,1,0.878036929,FALSE,0,CERS3,0,0
6.280952381,0,0.159211524,0,2,10,2,1,FALSE,CYP39A1,2,0,2,1,1,0.892225462,FALSE,0,CYP39A1,0,0
4.952380952,0,0.201923077,0,2,8,2,1,FALSE,CHST3,15,0,2,1,1,0.919339164,FALSE,0,CHST3,0,0
1,0,1,0,2,1,2,1,FALSE,CLCA2,1,0,2,1,1,1,FALSE,0,CLCA2,0,0
1,0,1,0,2,1,2,1,FALSE,CLCA4,1,0,2,1,1,1,FALSE,0,CLCA4,0,0
5.50952381,0,0.181503889,0,2,9,2,1,FALSE,CLEC10A,2,0,2,1,1,0.907968902,FALSE,0,CLEC10A,0,0
4.895238095,0,0.204280156,0,2,9,2,1,FALSE,COL6A5,13,0,2,1,1,0.920505345,FALSE,0,COL6A5,0,0
4.895238095,0,0.204280156,0,2,9,2,1,FALSE,COL6A6,13,0,2,1,1,0.920505345,FALSE,0,COL6A6,0,0
1.5,0,0.666666667,0,2,2,2,1,FALSE,SPINK1,2,0,2,1,1,0.75,FALSE,0,SPINK1,0,0
1.5,0,0.666666667,0,2,2,2,1,FALSE,CPA2,2,0,2,1,1,0.75,FALSE,0,CPA2,0,0
5.707142857,0,0.175219024,0,2,10,2,1,FALSE,CYP11A1,3,0,2,1,1,0.90393586,FALSE,0,CYP11A1,0,0
6.230952381,0,0.16048911,0,2,10,2,1,FALSE,GPER1,5,0,2,1,1,0.89324587,FALSE,0,GPER1,0,0
1.5,0,0.666666667,0,2,2,2,1,FALSE,DEFB132,2,0,2,1,1,0.75,FALSE,0,DEFB132,0,0
1.5,0,0.666666667,0,2,2,2,1,FALSE,DOCK11,2,0,2,1,1,0.75,FALSE,0,DOCK11,0,0
4.904761905,0,0.203883495,0,2,9,2,1,FALSE,NAALAD2,7,0,2,1,1,0.920310982,FALSE,0,NAALAD2,0,0
7.033333333,0,0.142180095,0,2,11,2,1,FALSE,KRT83,5,0,2,1,1,0.876870748,FALSE,0,KRT83,0,0
1,0,1,0,2,1,2,1,FALSE,DUOX2,1,0,2,1,1,1,FALSE,0,DUOX2,0,0
1,0,1,0,2,1,2,1,FALSE,DUOXA1,1,0,2,1,1,1,FALSE,0,DUOXA1,0,0
4.321428571,0,0.231404959,0,2,8,2,1,FALSE,EBF1,27,0,2,1,1,0.932215743,FALSE,0,EBF1,0,0
4.321428571,0,0.231404959,0,2,8,2,1,FALSE,EBF2,27,0,2,1,1,0.932215743,FALSE,0,EBF2,0,0
5.926190476,0,0.168742467,0,2,9,2,1,FALSE,ECM2,5,0,2,1,1,0.8994655,FALSE,0,ECM2,0,0
4.597619048,0,0.217503884,0,2,8,2,1,FALSE,VGF,13,0,2,1,1,0.926579203,FALSE,0,VGF,0,0
4.388095238,0,0.227889311,0,2,8,2,1,FALSE,F10,17,0,2,1,1,0.930855199,FALSE,0,F10,0,0
4.388095238,0,0.227889311,0,2,8,2,1,FALSE,F13A1,17,0,2,1,1,0.930855199,FALSE,0,F13A1,0,0
4.564285714,0,0.219092332,0,2,8,2,1,FALSE,SGK2,11,0,2,1,1,0.927259475,FALSE,0,SGK2,0,0
5.583333333,0,0.179104478,0,2,9,2,1,FALSE,WFIKKN2,3,0,2,1,1,0.906462585,FALSE,0,WFIKKN2,0,0
1,0,1,0,2,1,2,1,FALSE,GJB3,1,0,2,1,1,1,FALSE,0,GJB3,0,0
1,0,1,0,2,1,2,1,FALSE,GJB4,1,0,2,1,1,1,FALSE,0,GJB4,0,0
5.678571429,0,0.176100629,0,2,10,2,1,FALSE,KCNJ16,10,0,2,1,1,0.90451895,FALSE,0,KCNJ16,0,0
4.833333333,0,0.206896552,0,2,9,2,1,FALSE,SCTR,29,0,2,1,1,0.921768707,FALSE,0,SCTR,0,0
4.833333333,0,0.206896552,0,2,9,2,1,FALSE,RAMP1,29,0,2,1,1,0.921768707,FALSE,0,RAMP1,0,0
4.833333333,0,0.206896552,0,2,9,2,1,FALSE,SPX,29,0,2,1,1,0.921768707,FALSE,0,SPX,0,0
4.833333333,0,0.206896552,0,2,9,2,1,FALSE,S1PR1,29,0,2,1,1,0.921768707,FALSE,0,S1PR1,0,0
4.833333333,0,0.206896552,0,2,9,2,1,FALSE,NMUR1,29,0,2,1,1,0.921768707,FALSE,0,NMUR1,0,0
4.833333333,0,0.206896552,0,2,9,2,1,FALSE,MRGPRX2,29,0,2,1,1,0.921768707,FALSE,0,MRGPRX2,0,0
4.833333333,0,0.206896552,0,2,9,2,1,FALSE,TRPM3,29,0,2,1,1,0.921768707,FALSE,0,TRPM3,0,0
4.833333333,0,0.206896552,0,2,9,2,1,FALSE,PTH1R,29,0,2,1,1,0.921768707,FALSE,0,PTH1R,0,0
4.833333333,0,0.206896552,0,2,9,2,1,FALSE,KCTD12,29,0,2,1,1,0.921768707,FALSE,0,KCTD12,0,0
5.3,0,0.188679245,0,2,9,2,1,FALSE,GPD1,4,0,2,1,1,0.912244898,FALSE,0,GPD1,0,0
5.407142857,0,0.184940555,0,2,9,2,1,FALSE,GPR1,3,0,2,1,1,0.910058309,FALSE,0,GPR1,0,0
6.164285714,0,0.162224797,0,2,10,2,1,FALSE,GPR34,2,0,2,1,1,0.894606414,FALSE,0,GPR34,0,0
4.7,0,0.212765957,0,2,8,2,1,FALSE,SOD3,5,0,2,1,1,0.924489796,FALSE,0,SOD3,0,0
5.247619048,0,0.190562613,0,2,9,2,1,FALSE,HBA2,3,0,2,1,1,0.913313897,FALSE,0,HBA2,0,0
1,0,1,0,2,1,2,1,FALSE,HOXA5,1,0,2,1,1,1,FALSE,0,HOXA5,0,0
1,0,1,0,2,1,2,1,FALSE,HOXA7,1,0,2,1,1,1,FALSE,0,HOXA7,0,0
4.357142857,0,0.229508197,0,2,8,2,1,FALSE,IGFBP6,21,0,2,1,1,0.93148688,FALSE,0,IGFBP6,0,0
4.357142857,0,0.229508197,0,2,8,2,1,FALSE,PAPPA2,21,0,2,1,1,0.93148688,FALSE,0,PAPPA2,0,0
3.830952381,0,0.261031697,0,2,7,2,1,FALSE,IL22RA2,49,0,2,1,1,0.942225462,FALSE,0,IL22RA2,0,0
4.895238095,0,0.204280156,0,2,9,2,1,FALSE,LAMB4,13,0,2,1,1,0.920505345,FALSE,0,LAMB4,0,0
4.895238095,0,0.204280156,0,2,9,2,1,FALSE,RELN,13,0,2,1,1,0.920505345,FALSE,0,RELN,0,0
5.926190476,0,0.168742467,0,2,9,2,1,FALSE,ITIH5,6,0,2,1,1,0.8994655,FALSE,0,ITIH5,0,0
1.666666667,0,0.6,0,2,2,2,1,FALSE,KCNC2,3,0,2,1,1,0.777777778,FALSE,0,KCNC2,0,0
7.092857143,0,0.140986908,0,2,10,2,1,FALSE,KLK10,7,0,2,1,1,0.875655977,FALSE,0,KLK10,0,0
4.645238095,0,0.215274218,0,2,8,2,1,FALSE,LEFTY2,11,0,2,1,1,0.925607386,FALSE,0,LEFTY2,0,0
4.388095238,0,0.227889311,0,2,8,2,1,FALSE,MMRN1,17,0,2,1,1,0.930855199,FALSE,0,MMRN1,0,0
4.85,0,0.206185567,0,2,9,2,1,FALSE,NDN,10,0,2,1,1,0.921428571,FALSE,0,NDN,0,0
4.85,0,0.206185567,0,2,9,2,1,FALSE,NTF4,10,0,2,1,1,0.921428571,FALSE,0,NTF4,0,0
1,0,1,0,2,1,2,1,FALSE,NNAT,1,0,2,1,1,1,FALSE,0,NNAT,0,0
1,0,1,0,2,1,2,1,FALSE,PLAGL1,1,0,2,1,1,1,FALSE,0,PLAGL1,0,0
6.397619048,0,0.15630815,0,2,10,2,1,FALSE,PDE11A,7,0,2,1,1,0.889844509,FALSE,0,PDE11A,0,0
6.814285714,0,0.146750524,0,2,11,2,1,FALSE,OSTN,2,0,2,1,1,0.881341108,FALSE,0,OSTN,0,0
1,0,1,0,2,1,2,1,FALSE,NRG1,1,0,2,1,1,1,FALSE,0,NRG1,0,0
1,0,1,0,2,1,2,1,FALSE,NRG2,1,0,2,1,1,1,FALSE,0,NRG2,0,0
6.552380952,0,0.152616279,0,2,11,2,1,FALSE,OTC,3,0,2,1,1,0.886686103,FALSE,0,OTC,0,0
1.5,0,0.666666667,0,2,2,2,1,FALSE,PAK3,2,0,2,1,1,0.75,FALSE,0,PAK3,0,0
6.40952381,0,0.156017831,0,2,10,2,1,FALSE,PIK3C2G,2,0,2,1,1,0.889601555,FALSE,0,PIK3C2G,0,0
6.083333333,0,0.164383562,0,2,10,2,1,FALSE,PLXNA4,4,0,2,1,1,0.896258503,FALSE,0,PLXNA4,0,0
4.183333333,0,0.239043825,0,2,8,2,1,FALSE,PRG4,23,0,2,1,1,0.935034014,FALSE,0,PRG4,0,0
5.942857143,0,0.168269231,0,2,9,2,1,FALSE,TMEM37,4,0,2,1,1,0.899125364,FALSE,0,TMEM37,0,0
5.052380952,0,0.197926484,0,2,9,2,1,FALSE,SPARCL1,4,0,2,1,1,0.917298348,FALSE,0,SPARCL1,0,0
1,0,1,0,2,1,2,1,FALSE,ROPN1,1,0,2,1,1,1,FALSE,0,ROPN1,0,0
1,0,1,0,2,1,2,1,FALSE,ROPN1B,1,0,2,1,1,1,FALSE,0,ROPN1B,0,0
6.995238095,0,0.142954391,0,2,11,2,1,FALSE,ZBTB16,2,0,2,1,1,0.877648202,FALSE,0,ZBTB16,0,0
4.183333333,0,0.239043825,0,2,8,2,1,FALSE,S100A12,23,0,2,1,1,0.935034014,FALSE,0,S100A12,0,0
4.716666667,0,0.212014134,0,2,8,2,1,FALSE,S100A2,7,0,2,1,1,0.92414966,FALSE,0,S100A2,0,0
6.671428571,0,0.149892934,0,2,11,2,1,FALSE,SLC38A4,5,0,2,1,1,0.88425656,FALSE,0,SLC38A4,0,0
6.083333333,0,0.164383562,0,2,10,2,1,FALSE,SLIT3,4,0,2,1,1,0.896258503,FALSE,0,SLIT3,0,0
5.819047619,0,0.171849427,0,2,9,2,1,FALSE,SLC22A3,2,0,2,1,1,0.901652089,FALSE,0,SLC22A3,0,0
1,0,1,0,2,1,2,1,FALSE,SLC39A12,1,0,2,1,1,1,FALSE,0,SLC39A12,0,0
1,0,1,0,2,1,2,1,FALSE,SLC39A2,1,0,2,1,1,1,FALSE,0,SLC39A2,0,0
5.073809524,0,0.197090568,0,2,8,2,1,FALSE,UNC13A,10,0,2,1,1,0.91686103,FALSE,0,UNC13A,0,0
7.580952381,0,0.131909548,0,2,11,2,1,FALSE,STAC,2,0,2,1,1,0.865694849,FALSE,0,STAC,0,0
5.619047619,0,0.177966102,0,2,9,2,1,FALSE,SPRY1,2,0,2,1,1,0.905733722,FALSE,0,SPRY1,0,0
4.388095238,0,0.227889311,0,2,8,2,1,FALSE,SVEP1,17,0,2,1,1,0.930855199,FALSE,0,SVEP1,0,0
6.128571429,0,0.163170163,0,2,9,2,1,FALSE,TBX18,3,0,2,1,1,0.895335277,FALSE,0,TBX18,0,0
6.128571429,0,0.163170163,0,2,9,2,1,FALSE,ZFPM2,3,0,2,1,1,0.895335277,FALSE,0,ZFPM2,0,0
