Gene,Hazard_Ratio,Lower_95CI,Upper_95CI,Coefficient,P_value,FDR
ENSG00000121871,1.0137281950162889,1.0128353427320445,1.0146218343832583,0.013634816984384512,4.857404241293574e-202,2.316107490333602e-197
ENSG00000231436,2.807472023569709,2.6109457047100304,3.01879091124262,1.0322844426902358,4.78312376587269e-171,1.1403445370217081e-166
ENSG00000171951,1.0010505094032753,1.0009629095617327,1.0011381169111682,0.001049958004404926,2.833282371260677e-122,4.503219000881721e-118
ENSG00000231421,1.0383575469624478,1.035036781887939,1.0416889662290327,0.037640183006418845,2.2795237624216934e-117,2.7173063009947796e-113
ENSG00000231358,1.1428955801059488,1.129108775779026,1.1568507260290282,0.1335650246516649,3.4335623460218537e-103,3.2743823956602806e-99
ENSG00000237242,41.15377446747682,29.273099981751972,57.85629653079826,3.7173156475211746,1.7222024027218387e-101,1.3686342494430454e-97
ENSG00000170279,1.0933138763062986,1.0836129961280654,1.1031016021356719,0.08921333750827867,1.0634672354333124e-85,7.244034959990172e-82
ENSG00000254138,1.5457239673445962,1.4777336234100713,1.6168425387181555,0.4354923878750304,2.744431176886544e-80,1.6357495922038024e-76
ENSG00000285169,230.7009031203473,125.92049825234979,422.67071238777197,5.441122079867959,1.944402421549148e-69,1.0301444029367387e-65
ENSG00000186075,1.0335747535056299,1.0297272700095559,1.037436612778362,0.03302342795998923,1.8065392090297416e-67,8.613940256495614e-64
ENSG00000171885,1.0016417098071089,1.0014470214695006,1.0018364359934977,0.0016403636746680406,1.9106679175172235e-61,8.282224331186932e-58
ENSG00000189375,1.2426668421353992,1.2086040515478333,1.2776896441519576,0.2172597493586043,5.555833771165043e-53,2.20761054897243e-49
ENSG00000280338,17.256653731767393,11.704553343355668,25.442414527263388,2.848197792685871,6.970508480571677e-47,2.5566752720816824e-43
ENSG00000213958,1.4309735514693356,1.3581468178305938,1.5077054101379028,0.3583550178523812,3.2278937734419134e-41,1.0993745064661237e-37
ENSG00000205420,1.0006184642042908,1.000525285380209,1.0007116517061074,0.000618273034121919,1.039390913426602e-38,3.304015835600482e-35
ENSG00000235615,1.0729290077932612,1.0610890782103324,1.0849010506317192,0.0703922991049004,1.7228537828784358e-35,5.134319629700599e-32
ENSG00000229642,1.0409527953324076,1.0343549603424704,1.0475927159005296,0.04013644310268343,3.7091885327203595e-35,1.0403619271598363e-31
ENSG00000109158,1.0199498576146047,1.0165770569822932,1.0233338485290766,0.019753466886458536,1.4586142688302658e-31,3.863869198131374e-28
ENSG00000182118,0.983246543085494,0.9802450993220251,0.9862571770654418,-0.016895383480625387,2.4438568886496314e-27,6.133051798136406e-24
ENSG00000285598,2.53343252782501,2.1370716078355168,3.0033061828669485,0.929575113578009,9.282913222694217e-27,2.2131393414225284e-23
ENSG00000236501,1.0191048816365327,1.0154637453841966,1.0227590738677437,0.018924674985805676,3.6568772975918438e-25,8.303201109703537e-22
ENSG00000238077,1.6563477764572738,1.497463705020416,1.8320897844649606,0.5046150438520351,1.0435017685367948e-22,2.261647787607793e-19
ENSG00000142611,0.9496138631421943,0.9398020566891323,0.9595281077046297,-0.051699836865067766,1.7348735925878466e-22,3.596619245294509e-19
ENSG00000272783,0.7438604169844933,0.6968821251291748,0.7940056144412927,-0.2959018733302812,6.111768804245256e-19,1.2142556671834265e-15
ENSG00000272973,0.2990992735988573,0.22725381809179795,0.3936584045915878,-1.2069797419721953,7.213626164045939e-18,1.375840491016154e-14
ENSG00000233539,1.0030793715391473,1.0023390313764808,1.0038202585263303,0.0030746399855949027,3.3006409341702293e-16,6.053121577811726e-13
ENSG00000124449,1.1020361579007012,1.0758411973068427,1.1288689226260908,0.09715952135460906,2.455468077358319e-15,4.336356624614791e-12
ENSG00000103154,0.9567711504981454,0.9445655277829488,0.969134493584755,-0.04419104831168891,1.5198992948262586e-11,2.588279934853774e-08
ENSG00000242968,0.3612349139536894,0.2678815791560602,0.48712070262624974,-1.0182268011093254,2.4738311197430368e-11,4.0674901879857754e-08
ENSG00000286803,0.14440563936306836,0.08068496501242757,0.2584494977056092,-1.9351289995251282,7.221625450752034e-11,1.1478051491425283e-07
ENSG00000248574,1.1207566790748762,1.0822678879592937,1.1606142505617698,0.11400406350464931,1.6149759198650899e-10,2.484041348742168e-07
ENSG00000165588,1.071422003928168,1.0485299476867873,1.094813851558545,0.06898674180112178,3.8377906393950096e-10,5.718547914613527e-07
ENSG00000265933,1.0025116180129783,1.0017111633970017,1.0033127122620304,0.00250846917181214,7.502337363432651e-10,1.0840195459490777e-06
ENSG00000180828,0.98887567695968,0.9853184857618668,0.9924457103089404,-0.011186661065227465,1.171022540302367e-09,1.6422557872558077e-06
ENSG00000187416,0.08989602295789434,0.0395527082294035,0.2043171076118279,-2.4091015769937445,8.867302790011834e-09,1.208030661809555e-05
ENSG00000279542,1.2216170673531161,1.1403309404496136,1.3086975072868055,0.20017544613535915,1.2132542759146837e-08,1.6069552884489986e-05
ENSG00000286973,1.2981711221094907,1.1865544828351886,1.4202872996208584,0.26095644480772406,1.2771389533608778e-08,1.645852420923064e-05
ENSG00000248205,7.962745552297087,3.890246598376902,16.298534071614164,2.074773859015823,1.3703330741205261e-08,1.719479516847761e-05
ENSG00000004846,1.0013846567986018,1.0009016377182671,1.001867908976199,0.0013836990453811404,1.8974106257205898e-08,2.3198034219386965e-05
ENSG00000151322,1.0005179702645999,1.0003286865358108,1.0007072898099465,0.0005178361643070582,8.127521932787244e-08,9.688412519979034e-05
ENSG00000225056,1.245743867227435,1.1485119642246284,1.3512073283297947,0.2197328352111564,1.1611241618180219e-07,0.00013503590800928518
ENSG00000275852,1.0293629460153009,1.0183628242094034,1.0404818886155833,0.028940111877854495,1.2957443040555386e-07,0.00014710399977613378
ENSG00000231861,1.120716664672091,1.0735543695010008,1.1699508456730892,0.11396835984312585,2.0412447818928303e-07,0.00022635031090747427
ENSG00000286997,0.8892810325402553,0.8506326496437883,0.9296853996458135,-0.11734197133176773,2.2666248066568358e-07,0.0002456300091613892
ENSG00000285831,1.0289672864673323,1.0177921713967568,1.040265101633615,0.028555664769613156,2.970352227576262e-07,0.00031473852203398067
ENSG00000124343,1.00046183330466,1.0002847612546522,1.0006389367002526,0.00046172669248277693,3.176886901618047e-07,0.0003293050461803298
ENSG00000154134,1.0010263464634968,1.00063081968469,1.001422029585112,0.001025820130068117,3.628437813995341e-07,0.00036810887627005496
ENSG00000185742,1.0205960997188481,1.0125768386932343,1.0286788705394123,0.02038686808335578,4.07728859260507e-07,0.0004050276555679062
ENSG00000238120,1.0212469346162318,1.012920816207529,1.029641492972704,0.021024365587797706,4.81235599839096e-07,0.00046829134431689343
ENSG00000122375,1.0337805043393218,1.0204014440921,1.047334985009687,0.03322247535021433,5.771754133167925e-07,0.0005463819755881514
ENSG00000230087,1.3647882660882522,1.208040436554932,1.5418747211509256,0.31099930018626426,5.844025157291162e-07,0.0005463819755881514
ENSG00000224307,1.0044936163297915,1.0027237171395458,1.0062666395541955,0.004483550180275715,6.262452751670846e-07,0.0005714191242783173
ENSG00000234460,1.0564848691577564,1.0338841508808798,1.0795796393709118,0.054947236303416816,6.35149817263345e-07,0.0005714191242783173
ENSG00000224904,1.1429322637668848,1.0840534033005373,1.205009048061764,0.13359712126037274,7.392368137472317e-07,0.0006527461065388055
ENSG00000131080,1.0008998948259937,1.0005430091457714,1.0012569078044808,0.0008994901633956877,7.675900916701774e-07,0.000665458740927589
ENSG00000150471,1.0003607472869753,1.0002171951069654,1.0005043200697388,0.00036068223331765955,8.395862743881602e-07,0.0007148777274174332
ENSG00000172667,1.0001203876865399,1.0000723601519204,1.0001684175276369,0.00012038044052392915,8.964765579014155e-07,0.0007499262321729
ENSG00000154342,1.0025594563940545,1.0015355567592756,1.0035844027919314,0.0025561865636750743,9.433173266967947e-07,0.0007755044270958028
ENSG00000154258,1.0002457693982991,1.0001472091388568,1.0003443393704365,0.00024573920194805396,1.0201220297197192e-06,0.0008244315020524686
ENSG00000165197,1.0003378256481041,1.0002017934204033,1.0004738763768386,0.00033776859786826944,1.127835698479147e-06,0.0008864434976255415
ENSG00000270212,1.1703938964531682,1.0985338337691808,1.246954650595359,0.15734035578636582,1.134034926285769e-06,0.0008864434976255415
ENSG00000267339,1.0320277034909577,1.0189067479498666,1.0453176239296293,0.03152551116704705,1.3719422126056397e-06,0.0010551120738945502
ENSG00000260520,1.012723365378199,1.00748543862345,1.0179885241659248,0.012643103449176182,1.7645262911612433e-06,0.0013354943272246096
ENSG00000285562,1.037805548715903,1.0220957016382912,1.0537568597726767,0.03710843455110678,1.8585602647357258e-06,0.0013651268708711347
ENSG00000198099,1.0026963347419524,1.0015870760004462,1.003806821988683,0.0026927061525630286,1.860938018678406e-06,0.0013651268708711347
ENSG00000268078,1.0933428727594658,1.0539259833046406,1.134233956037108,0.0892398587747567,1.902006358217095e-06,0.0013741131389773866
ENSG00000254847,1.0327560238079203,1.0191347429912043,1.046559360326656,0.0322309800619628,1.9555147707102547e-06,0.0013916844074180054
ENSG00000151468,1.0000599632679708,1.0000350659401362,1.0000848612156603,5.996147024575564e-05,2.352623509596949e-06,0.0016210128243225362
ENSG00000149557,1.0005986946994867,1.0003499668690898,1.000847484373774,0.0005985155533140583,2.3757552086815976e-06,0.0016210128243225362
ENSG00000241479,1.0652291703312837,1.0376311473019892,1.093561221899627,0.06318995942241533,2.37974283173058e-06,0.0016210128243225362
ENSG00000234169,1.6416759264875065,1.3356311099526952,2.0178474636638755,0.49571762644003886,2.485952022125254e-06,0.0016695093566053009
ENSG00000214575,1.0023784081547156,1.0013851993464362,1.0033726020621732,0.0023755842188021813,2.6437605165977053e-06,0.0017508304021168304
ENSG00000240138,1.0557254363578406,1.032084091119556,1.0799083200322708,0.05422814802829841,2.6933504975176936e-06,0.0017592375126388859
ENSG00000230147,1.1609321997283963,1.09069094683139,1.2356970379938104,0.14922330284375912,2.783765504525714e-06,0.00179220594139017
ENSG00000272855,1.1828082459264917,1.102558153622166,1.2688993701017401,0.16789148050256691,2.818997642805729e-06,0.00179220594139017
ENSG00000224935,1.3308416416208446,1.1801354726320956,1.500793354784797,0.28581155534054437,3.1454214964429432e-06,0.0019584374155638047
ENSG00000267583,1.0125502957547032,1.007252610362896,1.017875844534723,0.012472193584264145,3.1626123274697576e-06,0.0019584374155638047
ENSG00000203876,0.9298188905139471,0.9015769963000205,0.9589454619013861,-0.07276545318225328,3.768065181388265e-06,0.0022904933117184082
ENSG00000181778,1.0110230853775075,1.0063342866927674,1.0157337305136669,0.01096277397893132,3.7949115310967293e-06,0.0022904933117184082
ENSG00000168917,1.0008455997533976,1.000486307230204,1.0012050213049608,0.0008452424353440395,3.951392576012721e-06,0.002355128760117982
ENSG00000282840,1.0240553744142213,1.0137554708792047,1.0344599264723564,0.023770601731618813,4.0505295899348195e-06,0.002371896780032391
ENSG00000250261,1.0108199425876725,1.006200689244032,1.0154604019408902,0.010761825846253532,4.122091134237756e-06,0.002371896780032391
ENSG00000182759,1.0049990504696025,1.0028682291065596,1.0071343992466661,0.004986596704227112,4.1287578696927244e-06,0.002371896780032391
ENSG00000175514,0.4913463891527158,0.362986618314914,0.6650968987621568,-0.7106059230300196,4.227694256153072e-06,0.0023998204466891757
ENSG00000242482,1.0835582293775536,1.0470741886173114,1.1213135126578249,0.08025028247690719,4.384417975890003e-06,0.0024044069073629426
ENSG00000138669,1.0012634013604882,1.0007239850673109,1.0018031084130974,0.0012626039405596646,4.385597794721817e-06,0.0024044069073629426
ENSG00000267603,1.003811663037712,1.0021830423728084,1.005442930330186,0.0038044170571429198,4.387051737355312e-06,0.0024044069073629426
ENSG00000145040,0.9395582498153392,0.914869196478871,0.9649135725562173,-0.06234546118274769,4.45721102015804e-06,0.002415099271172451
ENSG00000177363,1.000494446390084,1.0002830957456397,1.000705841690981,0.0004943241917462734,4.520210901271036e-06,0.0024217156875775904
ENSG00000231024,1.090401711074489,1.0507471206866825,1.1315528428354444,0.08654617061620419,4.672269269400749e-06,0.0024753682589285166
ENSG00000184347,1.0000528441940262,1.000030191733834,1.000075497167337,5.2842797820973443e-05,4.823551854634502e-06,0.002487741356116892
ENSG00000180279,0.9379115378730444,0.9124871043449456,0.9640443669687592,-0.06409964372710505,4.842046435049486e-06,0.002487741356116892
ENSG00000166473,1.0011908046539642,1.0006800441743136,1.0017018258325954,0.00119009620845988,4.852144333687156e-06,0.002487741356116892
ENSG00000249790,1.0229825394713348,1.0130492962895294,1.0330131809934482,0.02272241885837034,5.014518306792576e-06,0.002543641084090251
ENSG00000256218,0.3010417670913407,0.17949222971026302,0.5049028901126587,-1.2005062627588927,5.361326607805469e-06,0.0026909344769829517
ENSG00000263586,1.0121373801317624,1.006876729487279,1.0174255162115458,0.0120643127702668,5.691670062051781e-06,0.0028269813739453444
ENSG00000177133,1.00395516338793,1.00224185959742,1.0056713960222619,0.003947362292190777,5.90828245410172e-06,0.0029043167420255487
ENSG00000253177,1.0051506419741412,1.0029076639364067,1.0073986363764509,0.005137422789862346,6.566401393012032e-06,0.003146921051234085
ENSG00000101955,1.0001266254847079,1.0000715590103795,1.000181694991136,0.0001266174683779485,6.571875076566087e-06,0.003146921051234085
ENSG00000250551,1.0385595466267892,1.0216087311335307,1.0557916147533997,0.037834701762706126,6.599809259750189e-06,0.003146921051234085
ENSG00000077616,1.0011472906130927,1.000647690526639,1.0016471401382336,0.0011466329781681752,6.7205027836643795e-06,0.0031597874259833903
ENSG00000064042,1.0000594726383527,1.00003357554194,1.0000853704054025,5.947086992544425e-05,6.75932883373822e-06,0.0031597874259833903
ENSG00000225399,1.0127719986283747,1.0071802169379005,1.0183948254306852,0.012691124541743754,7.032390507596723e-06,0.0032555188755653106
ENSG00000180769,1.0019873174264216,1.0011193309406077,1.0028560564704132,0.0019853453235090194,7.122699935584395e-06,0.003265620945466684
ENSG00000249838,1.159001819296907,1.0865671861843826,1.2362652160062508,0.14755913406898563,7.415523160567884e-06,0.0033587437133881107
ENSG00000226592,1.0483601695173472,1.0269213695118515,1.0702465423938738,0.04722720006031762,7.466692538466082e-06,0.0033587437133881107
ENSG00000254403,1.07020750060567,1.0388711406450195,1.1024890860299652,0.067852555472329,7.639830540050778e-06,0.003404508409445806
ENSG00000164270,1.0592363993934413,1.0327802477078383,1.086370263461291,0.05754827059639902,8.223172962896436e-06,0.003630530863118776
ENSG00000228820,1.027829721436032,1.0154895945612958,1.0403198042848125,0.0274495126866216,8.422929751924566e-06,0.003684606756250157
ENSG00000133116,1.000794250455481,1.0004442072303459,1.0011444161564709,0.0007939352055018616,8.660936084608444e-06,0.0037524569025332794
ENSG00000280304,1.0124942545998328,1.0069675870221155,1.0180512548862768,0.012416845513156341,8.735428802927604e-06,0.0037524569025332794
ENSG00000177119,1.0000508112074944,1.0000283898334008,1.0000732330842916,5.080991664866755e-05,8.924107505372068e-06,0.003799279411349562
ENSG00000138653,1.000156104578778,1.000086956413408,1.0002252575252006,0.00015609239572594773,9.649383680386743e-06,0.00404921046863677
ENSG00000261829,1.0084576530259748,1.0047017388216997,1.0122276081052326,0.008422087471994553,9.69598915886284e-06,0.00404921046863677
ENSG00000134760,1.000037619080954,1.0000209460943716,1.000054292345519,3.761837337410559e-05,9.765932718703675e-06,0.00404921046863677
ENSG00000287373,1.013244924508095,1.0073449837968007,1.0191794207102653,0.013157977392684147,1.0050880508398708e-05,0.00411209491731004
ENSG00000185432,1.000060806759469,1.0000338136095386,1.0000878006380047,6.0804910812905365e-05,1.0090078128544832e-05,0.00411209491731004
ENSG00000101938,1.0000247849644495,1.0000137760713852,1.0000357939787077,2.478465730733505e-05,1.0213098891755123e-05,0.004126957469124303
ENSG00000286103,1.0651238597431234,1.0356575461365465,1.0954285427902555,0.063091092627326,1.0447073164860596e-05,0.004186028089469605
ENSG00000269495,1.1080843914909355,1.0585498206301092,1.1599369200544098,0.10263275103017709,1.0899666120930896e-05,0.004330982333151891
ENSG00000176438,1.000110504923884,1.000061222354559,1.0001597899218322,0.0001104988186648146,1.1082027293784569e-05,0.004364590709005474
ENSG00000288005,1.0211076395441288,1.0116363608123904,1.0306675915623256,0.02088795923203438,1.1167318201809233e-05,0.004364590709005474
ENSG00000248144,1.0006468318102208,1.0003573960785486,1.0009363512850065,0.000646622704691352,1.1818155256546542e-05,0.004552954215214617
ENSG00000162367,1.0010029946325185,1.000554102083788,1.0014520885741771,0.001002491969486264,1.1840239979166405e-05,0.004552954215214617
ENSG00000260991,1.1078097548615269,1.0581837733401644,1.1597630618475248,0.10238487219420755,1.1949579170477502e-05,0.004558238672053666
ENSG00000147100,1.0001371842874047,1.0000757261174054,1.0001986462342245,0.0001371748785009054,1.2136955124317099e-05,0.004592970589188
ENSG00000225292,1.1045006245505824,1.0563163961687903,1.1548827927477268,0.09939330933788625,1.2577276347693726e-05,0.004690454444577134
ENSG00000003436,1.0000881770032521,1.0000486011675547,1.0001277544051201,8.817311588871977e-05,1.259607104749568e-05,0.004690454444577134
ENSG00000205126,1.0739287093782803,1.040083372881299,1.1088754064319835,0.07132361527856274,1.2689665352763104e-05,0.004690454444577134
ENSG00000287723,1.0834484873857937,1.0451282103931532,1.123173801209504,0.08014899807293674,1.2861711819656205e-05,0.0047174780229603626
ENSG00000133800,1.0000550236915873,1.0000302763796778,1.0000797716159078,5.502217783939774e-05,1.3132178936201904e-05,0.004744530663947678
ENSG00000102547,1.0001520018040326,1.000083635445112,1.0002203728365213,0.00015199025292897742,1.313447522421655e-05,0.004744530663947678
ENSG00000232821,1.006534710781153,1.0035882189859215,1.0094898533494159,0.006513452121194478,1.33321569905417e-05,0.0047797286437820255
ENSG00000270069,1.0017008420749305,1.0009342413029898,1.0024680299750952,0.0016993972810607028,1.3578781859824433e-05,0.004831816989851855
ENSG00000204053,1.2187625989317243,1.1147964510370825,1.3324246513100906,0.197836080861492,1.3692568513785231e-05,0.004836215199068944
ENSG00000146469,1.0293305222917244,1.015978705776247,1.0428578060716724,0.028908612556485483,1.4268976119518003e-05,0.005002744995079834
ENSG00000170962,1.0001432170888211,1.000078488154483,1.0002079502126653,0.00014320683423285768,1.4462377855214756e-05,0.005033540882425912
ENSG00000144824,1.00009494173799,1.000052010406365,1.0001378749126186,9.493723130852136e-05,1.4607061215202123e-05,0.00504705719466136
ENSG00000164506,1.0002416738968525,1.0001322891396236,1.0003510706175238,0.00024164469842043017,1.4869227742833236e-05,0.005100679980099096
ENSG00000131737,1.0017871050484999,1.0009770690347646,1.0025977965800927,0.0017855100762453413,1.5170869497460704e-05,0.00516698142412801
ENSG00000286628,1.2780840946879362,1.1433782078583434,1.428660212226697,0.24536215558074756,1.5755179707978195e-05,0.0053279324740128815
ENSG00000186369,1.0183823713010345,1.0099872939348145,1.0268472290738082,0.018215457919793548,1.6106385255992433e-05,0.005388839266661008
ENSG00000121879,1.000038817420266,1.0000211742335698,1.0000564609182374,3.881666688933709e-05,1.6161319053993627e-05,0.005388839266661008
ENSG00000174804,1.0000406473199324,1.0000221382686012,1.0000591567138408,4.064649385253658e-05,1.6752863212832843e-05,0.005547291831349275
ENSG00000154240,1.0007160541433255,1.0003897744143906,1.0010424402892433,0.0007157978988735114,1.6912659899391838e-05,0.005561582409122769
ENSG00000102383,1.0011478311018693,1.0006239907748395,1.0016719456664658,0.0011471728474119714,1.7392065450534846e-05,0.005680057978167141
ENSG00000198873,1.0003668721205226,1.0001993937217653,1.0005343785627023,0.00036680483940139456,1.7559782194661878e-05,0.005683319168899665
ENSG00000118308,0.997340252500513,0.9961282553200951,0.9985537243275513,-0.00266329091231772,1.764043532144521e-05,0.005683319168899665
ENSG00000280339,1.0003013166787844,1.0001634244483022,1.000439227920427,0.0003012712920309249,1.8423591098240016e-05,0.005895796447961614
ENSG00000138722,1.0000996180215445,1.0000540123875172,1.0001452257353332,9.961305999894948e-05,1.8577526020814717e-05,0.005905423971496582
ENSG00000267714,1.0474232568945685,1.0254067183030848,1.0699125132505236,0.04633310702247263,1.9137635452556802e-05,0.005988374688830599
ENSG00000253721,1.1066133773225697,1.0563849936464211,1.1592299911817407,0.10130434007911912,1.9165360013015564e-05,0.005988374688830599
ENSG00000167992,1.003541401732963,1.0019157686867812,1.0051696724088568,0.0035351457354954267,1.9215245320898485e-05,0.005988374688830599
ENSG00000181234,1.0001873316350023,1.0001011525189054,1.000273518177188,0.00018731409062249234,2.0380385154094888e-05,0.006310243668295795
ENSG00000233304,1.1310253906173198,1.0687036800972565,1.1969814065809585,0.12312464658784554,2.0652614786414378e-05,0.006353277279005228
ENSG00000067113,1.0001721965197752,1.0000928928355117,1.0002515064925288,0.00017218169565617913,2.081381546267234e-05,0.006361822749302195
ENSG00000183695,1.0260942080439373,1.0139824164812687,1.038350672228609,0.02575956323890671,2.1190392526427244e-05,0.006396715346398659
ENSG00000226674,1.0028829149844583,1.0015529704048727,1.0042146255740676,0.0028787673546515876,2.1196280037141647e-05,0.006396715346398659
ENSG00000124440,1.0005605006910518,1.000301953690428,1.000819114518049,0.0005603436692105622,2.1413163465962117e-05,0.006421524908075507
ENSG00000187824,1.0009690260383186,1.0005211451311258,1.0014171074383327,0.0009685568356756574,2.2188946093959182e-05,0.006590039746081289
ENSG00000236120,1.0016028400737436,1.000861775788133,1.00234445306277,0.0016015568965614929,2.225150788807281e-05,0.006590039746081289
ENSG00000135318,1.00017103977236,1.0000919545033071,1.0002501312953176,0.00017102514672574911,2.2445759757154392e-05,0.006606535288522443
ENSG00000283205,1.210785384306316,1.1082745255453863,1.3227780780473761,0.19126922698777674,2.2589991690290758e-05,0.006608196219487387
ENSG00000137872,1.0001736399441825,1.0000932667554239,1.000254019592188,0.0001736248705122203,2.2901464198772614e-05,0.006658461072718755
ENSG00000165124,1.0000432221721578,1.0000231911833162,1.0000632535622307,4.3221238106652123e-05,2.3453289087690632e-05,0.006777574122904635
ENSG00000235904,1.009062857074195,1.0048492114552916,1.0132941718211619,0.009022035837667584,2.3813899635384045e-05,0.006840327484423988
ENSG00000224238,1.0020150968792592,1.0010774398222382,1.0029536321907704,0.002013069294938427,2.504643915919899e-05,0.0071512833053229115
ENSG00000261472,1.0321480795846794,1.0170054211292872,1.0475162040015429,0.03164214473560736,2.715198419095414e-05,0.007684419396644049
ENSG00000286892,1.0044322732112076,1.002359221980318,1.0065096118685126,0.004422479616227239,2.7235998448740494e-05,0.007684419396644049
ENSG00000215712,1.0007703166408932,1.0004098013237404,1.0011309618760993,0.0007700200993070916,2.8051701367778735e-05,0.0078050607969040505
ENSG00000120279,1.0002693400058256,1.000143292635538,1.0003954032617763,0.0002693037403177805,2.8095039121878325e-05,0.0078050607969040505
ENSG00000081853,1.000772097172371,1.0004106766381426,1.0011336482777795,0.0007717992586850209,2.8154659139035625e-05,0.0078050607969040505
ENSG00000163145,1.000646285838946,1.0003434874352137,1.000949175898069,0.0006460770861908962,2.8639930452466995e-05,0.007893694588638908
ENSG00000169744,1.000182337873404,1.0000968918205957,1.0002677912265332,0.0001823212518744518,2.8810045476563152e-05,0.007894945910422323
ENSG00000165028,1.000548443893401,1.0002910694998968,1.0008058845092083,0.0005482935530152363,2.9520832464392347e-05,0.008043499048955176
ENSG00000183287,1.0013160100206175,1.0006976832819403,1.0019347188206926,0.0013151448384060701,3.0071264060360214e-05,0.00814692052798918
ENSG00000138640,1.0001327345744973,1.000070301950273,1.0001951710962802,0.00013272576604313877,3.084744544645197e-05,0.008281122926629752
ENSG00000221060,1.502544231688157,1.240576317883547,1.8198309411797744,0.40715982572147347,3.10839066210879e-05,0.008281122926629752
ENSG00000039537,1.0004135163508256,1.0002188811891077,1.0006081893870997,0.00041343087650194807,3.1198143536819314e-05,0.008281122926629752
ENSG00000149451,1.0003563532299504,1.0001886077295554,1.0005241268635923,0.0003562897512183265,3.1261317201320316e-05,0.008281122926629752
ENSG00000085276,1.0003020013260868,1.0001596772465895,1.0004443456584937,0.00030195573286567973,3.1931835503404136e-05,0.00841200983686915
ENSG00000225670,1.0026804945087076,1.0014159409466723,1.0039466449054304,0.0026769083902530634,3.217401767142376e-05,0.00842445098208941
ENSG00000254826,1.0554640510223061,1.0289350335524703,1.0826770657757068,0.05398052900742651,3.236516509176407e-05,0.00842445098208941
ENSG00000262097,1.0028531259137927,1.0015060269646665,1.004202036809657,0.002849063475317248,3.263074402577227e-05,0.00842445098208941
ENSG00000187758,1.0043715878772106,1.0023065338995176,1.0064408964893758,0.004362060244091297,3.268578146232416e-05,0.00842445098208941
ENSG00000237417,1.0327534643213891,1.0171427679500091,1.0486037473554068,0.032228501751845176,3.36503790188616e-05,0.008596900243518009
ENSG00000280436,1.4630906092516012,1.2222403437113996,1.75140195780158,0.38055105399002165,3.37154554242244e-05,0.008596900243518009
ENSG00000288040,1.0222667515960668,1.011671463346032,1.032973004855167,0.022022467113985884,3.4293199795792614e-05,0.008697704003526506
ENSG00000153253,1.000427311057124,1.0002250421564403,1.0006296208613108,0.00042721978575417126,3.456981282698e-05,0.008721469921778097
ENSG00000231246,1.0005485098339901,1.0002886456639128,1.0008084415139678,0.0005483594574572805,3.5095360206152254e-05,0.008807457712367114
ENSG00000259107,1.1225591922402578,1.0626492366781897,1.1858467465918088,0.11561107175198716,3.604814521549959e-05,0.00895928990788074
ENSG00000135917,1.0000608446129693,1.0000319781618525,1.0000897118973315,6.084276201089187e-05,3.607616421947699e-05,0.00895928990788074
ENSG00000205636,1.2031048932430293,1.101975898728904,1.3135145567293476,0.18490562624467322,3.665355923386143e-05,0.00905551819372529
ENSG00000162407,1.0000707056236486,1.0000371009709168,1.0001043114056114,7.070312412376356e-05,3.724712310143691e-05,0.0091547284727975
ENSG00000264515,1.1160629679645675,1.0592900801888674,1.1758786113052186,0.10980728527472543,3.751114914312694e-05,0.009164345397570146
ENSG00000182372,1.0006536723133008,1.0003427540944079,1.0009646871692097,0.0006534587626106773,3.767064506362461e-05,0.009164345397570146
ENSG00000186642,1.0001431801618912,1.000075006379834,1.0002113585912644,0.00014316991259008885,3.8464214842680555e-05,0.009297414087971238
ENSG00000091704,1.0033618268680737,1.001759446185759,1.004966770664578,0.0033561885612685785,3.8607608519321864e-05,0.009297414087971238
ENSG00000155090,1.0000488183989116,1.0000255503213167,1.000072087017896,4.8817207332288094e-05,3.918673500593825e-05,0.009389456776648984
ENSG00000123612,1.0001046492851418,1.0000547314579622,1.0001545696039746,0.000104643809787391,3.973040196272521e-05,0.009472125131933318
ENSG00000122707,1.0002177549616198,1.0001137778321998,1.0003217429010534,0.00021773125644925772,4.0448237608380376e-05,0.009563617491748009
ENSG00000133401,1.0000648593707613,1.0000338876259232,1.000095832074816,6.485726748314751e-05,4.0515304167885114e-05,0.009563617491748009
ENSG00000172059,1.000195117453855,1.0001017716460456,1.0002884719742178,0.00019509842092035895,4.184446863819461e-05,0.009828709131065988
ENSG00000165029,1.000100307004981,1.0000522799940794,1.0001483363223556,0.00010030197456982113,4.247311889535129e-05,0.009927466937098728
ENSG00000184005,1.0009768861515551,1.0005085677330448,1.001445423780723,0.00097640930880071,4.324622855448447e-05,0.010058861804560625
ENSG00000104967,1.0008393719104482,1.0004368780019675,1.0012420277495315,0.0008390198348472619,4.346290054127606e-05,0.010060184580626822
ENSG00000166482,1.0000302437277933,1.0000157399279688,1.0000447477379746,3.024327046091578e-05,4.369801286822127e-05,0.010065742268514623
ENSG00000279204,1.0015993909047707,1.0008312022791757,1.0023681691540336,0.0015981132412784382,4.45735919577042e-05,0.010218067364073324
ENSG00000277672,1.2548314742294098,1.1251087697986064,1.3995109370613175,0.22700128008437115,4.5574299661299336e-05,0.010397482088277869
ENSG00000233574,1.0731474545019493,1.0373280891731342,1.1102036772396693,0.07059587685553569,4.584661916884111e-05,0.01040980235813658
ENSG00000157782,1.0044754403311802,1.0023144806475015,1.0066410589785322,0.00446545532853927,4.826742491900735e-05,0.010907523009422316
ENSG00000154553,0.9997039083493222,0.9995610939209475,0.9998467431826138,-0.00029613549446530095,4.852375354861575e-05,0.01091372460709951
ENSG00000251448,1.0377023436783892,1.019323222217397,1.0564128537493096,0.0370089841582876,4.926439675568832e-05,0.011028286225843807
ENSG00000131386,1.0000868523410684,1.0000448852301185,1.0001288212131776,8.68485696223256e-05,4.985576485617175e-05,0.011108516728373746
ENSG00000196616,1.0000069826791842,1.0000036051006205,1.000010360269156,6.982654805483642e-06,5.078963313299461e-05,0.011263959474639297
ENSG00000112964,1.0000676695639223,1.0000349242560997,1.0001004159439626,6.766727444058293e-05,5.112595739436357e-05,0.011286055094805758
ENSG00000183134,1.003773554451346,1.0019450923656459,1.0056053533202933,0.0037664524556519246,5.1464117329385195e-05,0.011308350426266106
ENSG00000116678,1.0000884191148447,1.0000455948437315,1.0001312452197926,8.841520610527086e-05,5.191754081209174e-05,0.01135565220643192
ENSG00000225398,1.019481780592472,1.0099858205122412,1.0290670223794498,0.019294439948185728,5.322060148091768e-05,0.011521476895321448
ENSG00000258819,1.0051564376584154,1.0026513202674576,1.0076678140678532,0.005143188758985156,5.35296638706539e-05,0.011521476895321448
ENSG00000127329,1.0001072024754705,1.0000551727039373,1.0001592349539514,0.00010719672969579877,5.380927825191081e-05,0.011521476895321448
ENSG00000226622,1.0074093890506985,1.003805873441313,1.0110258407517037,0.007382074368072487,5.3990338385922184e-05,0.011521476895321448
ENSG00000163513,1.000012382290325,1.0000063705810893,1.0000183940357013,1.238221366505265e-05,5.415249287183426e-05,0.011521476895321448
ENSG00000177675,1.0004936684199106,1.000253831206646,1.0007335631404668,0.000493546605745129,5.464890406906352e-05,0.011521476895321448
ENSG00000248869,1.0028741227594917,1.0014769277437199,1.0042732670502375,0.0028700003656284613,5.466023280981828e-05,0.011521476895321448
ENSG00000249926,1.1453173197771809,1.0722552124624218,1.2233577862206537,0.13568173378792073,5.476593433662766e-05,0.011521476895321448
ENSG00000279688,1.091529240158831,1.0460565598649447,1.1389786440185798,0.08757968561728077,5.4850368173272283e-05,0.011521476895321448
ENSG00000090659,1.0003911191959312,1.0002006563999917,1.0005816182606697,0.00039104272875642096,5.691980811449577e-05,0.011903729344365736
ENSG00000286724,1.0057828475604504,1.0029603067305757,1.0086133316126868,0.005766191081233436,5.7822016227144516e-05,0.012039604269618798
ENSG00000011465,1.0000030998843792,1.0000015879328827,1.0000046118381616,3.0998795744588686e-06,5.8587979402356254e-05,0.012146052321144133
ENSG00000248441,1.0026433833441322,1.0013527455386677,1.0039356846452552,0.0026398957510584057,5.895418611385689e-05,0.012169062780436902
ENSG00000111404,1.0005096068204566,1.000260793029583,1.0007584825034916,0.0005094770149988235,5.9492542461399326e-05,0.012218032215495393
ENSG00000138685,1.0001266244843487,1.0000647936855107,1.0001884591059869,0.00012661646814550364,5.970390307055968e-05,0.012218032215495393
ENSG00000255471,1.0010001591401876,1.0005115030873775,1.0014890538556591,0.0009996593142772236,6.005579541047479e-05,0.012237523234026746
ENSG00000183722,1.0000715918067384,1.0000365987671518,1.0001065860707932,7.158924416742147e-05,6.073461025530602e-05,0.012323181643376603
ENSG00000118407,1.0005651576023746,1.0002887912093967,1.0008416003516847,0.0005649979609623028,6.107402305878255e-05,0.012339540540207075
ENSG00000137033,1.0001112866547537,1.0000568087897321,1.0001657674874442,0.000111280462853237,6.23061937385341e-05,0.01250105637424986
ENSG00000245812,1.0024033472264613,1.001225585500396,1.0035824943772533,0.002400463806498054,6.281913387913581e-05,0.01250105637424986
ENSG00000232606,1.087069038062254,1.0435145344895747,1.132441431773273,0.08348511859901513,6.291930037341089e-05,0.01250105637424986
ENSG00000147113,1.0001251644781872,1.0000638571983977,1.0001864755163192,0.0001251566457675083,6.29221410557436e-05,0.01250105637424986
ENSG00000122644,1.00015011846517,1.0000764911398072,1.0002237512111014,0.0001501071985207082,6.433592033630836e-05,0.012728901881642551
ENSG00000231638,1.0078566348271087,1.0039940906808482,1.0117340388688811,0.00782593217984893,6.479692029230573e-05,0.012743999974495521
ENSG00000233471,1.0940599415653611,1.0468403455436632,1.1434094614650832,0.0898954936920071,6.508976327085707e-05,0.012743999974495521
ENSG00000134531,1.0000120901141158,1.0000061558175841,1.0000180244458632,1.209004103109631e-05,6.521404290459518e-05,0.012743999974495521
ENSG00000158828,1.000518639541361,1.0002636134181488,1.0007737306857563,0.0005185050943583098,6.706936520530536e-05,0.013053067231507634
ENSG00000153071,1.0000600946565468,1.0000305393373372,1.0000896508492463,6.0092850935260494e-05,6.74107961504037e-05,0.013066185292859956
ENSG00000278931,1.0212659411676364,1.0107292022268055,1.0319125244339924,0.02104297653672302,6.983792413361835e-05,0.013477451741083488
ENSG00000169291,1.0002828602493645,1.0001433949634624,1.0004223449830438,0.0002828202519465692,7.024973819296907e-05,0.013477451741083488
ENSG00000287657,1.0358092577022906,1.01799343033026,1.0539368785451757,0.03518301269921556,7.049893687457265e-05,0.013477451741083488
ENSG00000112214,1.0007670949724643,1.0003885862445276,1.0011457469136074,0.0007668009054912465,7.100817862872403e-05,0.013477451741083488
ENSG00000108381,1.0006145534563247,1.000311265882133,1.000917932985247,0.0006143646956810338,7.124032100003871e-05,0.013477451741083488
ENSG00000165457,1.000122986456502,1.0000622717142185,1.0001837048848359,0.00012297889428772147,7.177827488383822e-05,0.013477451741083488
ENSG00000090402,1.0143086670312231,1.0072194583063403,1.0214477724096411,0.014207264203317058,7.182221397856003e-05,0.013477451741083488
ENSG00000204161,1.0003618406901993,1.0001831577418274,1.0005405555603204,0.0003617752416443229,7.206133977696747e-05,0.013477451741083488
ENSG00000133687,1.0000797341023013,1.0000403623914649,1.000119107363207,7.973092370667535e-05,7.207646898150853e-05,0.013477451741083488
ENSG00000178403,1.0004745139730435,1.000239983018367,1.0007090999192916,0.0004744014268899572,7.309916849467798e-05,0.01361529121938764
ENSG00000228627,1.0376497999529402,1.0188647773542476,1.0567811659348534,0.03695834819694351,7.340873627687372e-05,0.013619748494762229
ENSG00000165072,1.0002336897836859,1.0001180968634475,1.0003492960640696,0.0002336624824817119,7.41323001117554e-05,0.013700683464840002
ENSG00000197891,1.0097103772951939,1.0048931421261962,1.0145507052227154,0.009663534577774179,7.480729094443467e-05,0.01375315894883128
ENSG00000203392,1.0064558163896522,1.0032551113834522,1.0096667326695556,0.006435066862569364,7.505413679587258e-05,0.01375315894883128
ENSG00000197635,1.0001187945876853,1.0000599809161288,1.0001776117180823,0.00011878753216694009,7.528154200002022e-05,0.01375315894883128
ENSG00000249742,1.0775065972873936,1.0383571715913509,1.1181320830273815,0.07464966574954483,7.708383809357262e-05,0.013989978059231821
ENSG00000269736,1.0266086737663358,1.0133284360014394,1.0400629564991086,0.02626082013071441,7.716463717079755e-05,0.013989978059231821
ENSG00000187268,1.000539833778768,1.0002712635695241,1.0008084760984084,0.0005396881209320189,8.144162203612227e-05,0.014709467507296903
ENSG00000234456,1.0002464117018932,1.000123744534822,1.0003690939143366,0.00024638134751609473,8.237417095330743e-05,0.014777049658211673
ENSG00000276141,1.0026957074043046,1.0013528617199654,1.0040403538869447,0.0026920805016831216,8.243561950178904e-05,0.014777049658211673
ENSG00000171659,1.000319270076021,1.0001602861162195,1.0004782793076714,0.00031921912017591645,8.274874414929061e-05,0.014777624039425
ENSG00000189134,1.004194591765425,1.0020988468588443,1.0062947196195833,0.004185818988973411,8.603295015998351e-05,0.015306802722120648
ENSG00000145362,1.0001034596900402,1.0000517639851245,1.0001551580672636,0.00010345433845550183,8.759188675100271e-05,0.015526231762309706
ENSG00000076706,1.0000209359764292,1.000010466921242,1.0000314051412162,2.0935757274753815e-05,8.871483299777408e-05,0.015667039507406902
ENSG00000218792,1.2242366546431287,1.1063656785014218,1.3546654742597142,0.2023175106980151,8.969600245274283e-05,0.015781862689858612
ENSG00000186105,1.0053795396214997,1.0026822122518373,1.0080841231036675,0.005365121583387249,9.071190274218082e-05,0.015850096152200864
ENSG00000168546,1.000679220728714,1.0003390083534296,1.0010195488092337,0.0006789901627124454,9.090959173218145e-05,0.015850096152200864
ENSG00000185345,1.0013590270850379,1.0006781145389005,1.0020404029588814,0.0013581044435641723,9.108104411943787e-05,0.015850096152200864
ENSG00000174059,1.0000315962417887,1.0000157629645892,1.000047429769677,3.1595742637890864e-05,9.18177806888676e-05,0.015920201522933036
ENSG00000183549,1.0005129458119713,1.0002556936084848,1.0007702641772367,0.0005128143002386754,9.285063793327712e-05,0.01602989575328435
ENSG00000269124,1.1580876359165155,1.0759006592054474,1.2465527936874352,0.14677005497169934,9.312279526151932e-05,0.01602989575328435
ENSG00000091986,1.0000107211983464,1.0000053425062756,1.0000160999193475,1.0721140874714749e-05,9.354487900544818e-05,0.01604462921128698
ENSG00000204978,1.0325119126488027,1.0160669883283417,1.0492229961290556,0.03199458346087759,9.392799169719361e-05,0.016048746730636075
ENSG00000259134,1.0029237585211686,1.0014552077795003,1.0043944627703167,0.002919492652114768,9.424204279556438e-05,0.016048746730636075
ENSG00000203434,1.2525493840395894,1.1186160486159435,1.4025187296383952,0.2251809815745266,9.51421878717291e-05,0.016144376519928068
ENSG00000136160,1.0002258727744204,1.000112337033401,1.0003394214043566,0.0002258472690058925,9.640996303854701e-05,0.016301488856751766
ENSG00000261780,1.0104235592414441,1.0051690044901618,1.0157055823542764,0.010369608529585649,9.697437478946937e-05,0.016338982822302044
ENSG00000259920,1.0160276697001727,1.0079259702953278,1.024194490488116,0.0159005827423156,9.91262253666294e-05,0.016642734781449377
ENSG00000164330,1.0000959070059885,1.0000475997511897,1.000144216594267,9.590240720556777e-05,9.970234228877548e-05,0.016680726614082077
ENSG00000173421,1.0036872269650277,1.0018277429615619,1.0055501623410308,0.0036804458076807214,0.00010023586593673877,0.016711351606977544
ENSG00000103647,1.000631081513312,1.0003129945631977,1.0009492696110753,0.0006308824651130049,0.00010059239215543218,0.01671235694339832
ENSG00000154133,1.0001760445088537,1.0000872993982388,1.0002647974944758,0.000176029014837489,0.00010100343613454788,0.016722381395026083
ENSG00000238110,1.0071701905426147,1.0035460677348058,1.0108074012061268,0.007144606946451696,0.00010250776515914165,0.016855227957221806
ENSG00000165810,1.0000790020089352,1.000039133247505,1.0001188723598216,7.899888844090173e-05,0.00010281712578414038,0.016855227957221806
ENSG00000154263,1.0004216366901617,1.0002088311927047,1.0006344874643434,0.00042154782639045713,0.00010286630878636687,0.016855227957221806
ENSG00000236466,1.0471319591743529,1.0230696948007565,1.071760160130498,0.04605495945218286,0.00010323741847051105,0.016858104751749686
ENSG00000188070,1.000374283455994,1.0001852308548815,1.0005633717913736,0.0003742134294140751,0.00010417075499475931,0.016952457131945778
ENSG00000128917,1.0004410984457675,1.0002179820848685,1.0006642645767279,0.0004410011904465102,0.00010651605874342231,0.01727516569048933
ENSG00000155008,1.0002416771719729,1.0001193726906272,1.0003639966099194,0.00024164797274952486,0.00010742604099059656,0.017363689784791952
ENSG00000287709,1.0445007647668958,1.0217265403922131,1.067782625260798,0.043539034198893024,0.00010842694383602607,0.017466261945910118
ENSG00000188580,1.0036480721126957,1.0017983001189503,1.0055012596207502,0.003641434036847248,0.00010934436937636295,0.01755474148351427
ENSG00000170891,1.002548297734934,1.001255883438732,1.0038423802707346,0.0025450563298034566,0.0001102033924811766,0.017633282417072023
ENSG00000010327,1.0000824045510543,1.0000406154901755,1.0001241953581879,8.24011559857821e-05,0.00011110540966389374,0.017686770443560252
ENSG00000261333,1.1701006354752679,1.0804826789675095,1.267151731157734,0.1570897583374639,0.00011154844524678359,0.017686770443560252
ENSG00000102935,1.0003373388296604,1.0001661731371045,1.000508533815043,0.0003372819437101847,0.00011196599021239455,0.017686770443560252
ENSG00000134962,1.0001492515652064,1.0000735224730257,1.0002249863918609,0.00014924042829959317,0.00011202140585451944,0.017686770443560252
ENSG00000253608,1.0637376612309983,1.0308731269415834,1.0976499264058468,0.06178880152536421,0.0001138796710648874,0.017823545433826717
ENSG00000112273,1.0594296970340755,1.0288130718559543,1.0909574476274353,0.057730741672418553,0.00011408807262018501,0.017823545433826717
ENSG00000254245,1.003379390824565,1.0016607111897522,1.00510101942169,0.0033736935154069407,0.0001147783712179353,0.017823545433826717
ENSG00000232702,1.0553453620467899,1.0268430686365062,1.0846387994541058,0.053868070748612114,0.00011515047794894688,0.017823545433826717
ENSG00000009765,1.0002741465934635,1.0001347213687712,1.0004135912549303,0.0002741090221525788,0.00011617353954532133,0.017823545433826717
ENSG00000236304,1.0066577374261572,1.0032663520742922,1.010060586827007,0.006635672572862453,0.00011623125721856191,0.017823545433826717
ENSG00000178734,1.025977343639423,1.01268206600533,1.0394471720168355,0.025645664281977367,0.00011636616730729077,0.017823545433826717
ENSG00000214289,1.059073860593877,1.0286043240480058,1.0904459722462443,0.05739480979044119,0.00011643189984245672,0.017823545433826717
ENSG00000141338,1.0000809138894236,1.0000397560078726,1.0001220734648784,8.091061607138691e-05,0.0001165619545293116,0.017823545433826717
ENSG00000249199,1.0081897392331807,1.0040155149924594,1.0123813179348158,0.00815638530175023,0.00011662569051956578,0.017823545433826717
ENSG00000224299,1.056423769051704,1.027329252953211,1.086342257469268,0.05488940123666145,0.00011704166447835627,0.017829970113920075
ENSG00000069122,1.0000751391530274,1.0000368655026366,1.0001134142682366,7.513633022256802e-05,0.00011914013604944237,0.018057052687400207
ENSG00000197769,1.0011701498295393,1.0005739026633678,1.0017667523024825,0.001169465737835374,0.00011928970254039397,0.018057052687400207
ENSG00000258311,1.005766343116834,1.0028205529680863,1.0087207865381684,0.005749781396903131,0.00012203330029584977,0.01841389817945161
ENSG00000081377,1.0003259394143054,1.0001595780629666,1.0004923284373277,0.0003258863075939653,0.00012287507405959767,0.018482426754920303
ENSG00000170275,1.0000361676497769,1.0000177020466434,1.0000546335938827,3.616699574329401e-05,0.00012357817687470006,0.018529731540061156
ENSG00000231165,1.0583367819405438,1.0281185075001633,1.0894432264736644,0.056698602197734475,0.00012496048176097212,0.018678262355256027
ENSG00000236849,1.0285612069911925,1.0138615999270655,1.0434739382606897,0.028160939269865813,0.0001258700717105064,0.01870320711377511
ENSG00000157617,1.0000743123142117,1.0000363114950745,1.0001123145773587,7.430955318858281e-05,0.00012665819316617138,0.01870320711377511
ENSG00000111077,1.000058709103421,1.0000286868576134,1.000088732250538,5.870738010903422e-05,0.00012669097951232666,0.01870320711377511
ENSG00000109686,1.000044180328047,1.0000215877231824,1.0000667734433266,4.4179352125250025e-05,0.00012669636126314668,0.01870320711377511
ENSG00000105974,1.0000111012631128,1.000005413241145,1.000016789317434,1.1101201494245938e-05,0.00013063676745806176,0.01922537761091142
ENSG00000260102,1.0114025518758938,1.0055420016981538,1.0172972588052442,0.011338032772974948,0.00013134019380224457,0.019246807271415377
ENSG00000054803,1.0009290722193236,1.000452708362833,1.0014056628956547,0.0009286408988605367,0.00013158968102179884,0.019246807271415377
ENSG00000181997,1.009312852594914,1.0045249622808219,1.0141235635401706,0.009269755348757331,0.00013296472322929433,0.019388452394554168
ENSG00000234355,1.5697352144643257,1.245533162131249,1.9783243982946717,0.45090695192922947,0.0001333813164146745,0.019389902223428384
ENSG00000235933,1.1499046412784266,1.0703469225888658,1.2353757983770766,0.13967901830959828,0.00013431172202073204,0.019465810119734177
ENSG00000214641,1.143058172793355,1.067200550703895,1.224307826235565,0.13370727834990723,0.00013544889094991086,0.019560834828228454
ENSG00000234688,1.0467647641153168,1.0224768866895153,1.0716295748659985,0.04570423053731724,0.00013578785135152927,0.019560834828228454
ENSG00000287092,1.0456671236955104,1.0219494890991105,1.0699352025133209,0.04465507760967962,0.00013630898352111828,0.019576761904379403
ENSG00000270264,1.0055608547246928,1.0026986885643407,1.0084311908320318,0.00554545025368916,0.0001372276429676933,0.019649514930887544
ENSG00000221818,1.0004783850169534,1.0002324000221257,1.00072443050634,0.0004782706273212789,0.0001377753657526377,0.01966887721502177
ENSG00000144476,1.0000666790171333,1.000032333340215,1.000101025873639,6.667679418638465e-05,0.00014171607438287487,0.020171062264848477
ENSG00000106771,1.0000858252031417,1.0000415975139492,1.0001300548483414,8.582152036976318e-05,0.00014269478897901058,0.02024991942886066
ENSG00000154721,1.0001599257386944,1.0000774667162986,1.0002423915600538,0.00015991295193673472,0.0001438730544469183,0.020356542973703144
ENSG00000102543,1.0012981127178238,1.0006279769087625,1.0019686973270514,0.0012972708979488723,0.00014597636509821406,0.02059303266453563
ENSG00000226038,1.0128220893042381,1.0061829850628672,1.0195050003936497,0.01274058230445351,0.0001464932480576136,0.020604988359537262
ENSG00000115459,1.0002020125526334,1.0000977084767095,1.000306327506835,0.00020199215084535263,0.00014694496617265589,0.020607734932484054
ENSG00000183807,1.0025248737828465,1.0012195161381046,1.0038319333106953,0.0025216916442436037,0.0001486289504188383,0.020782773061205417
ENSG00000154262,1.0002477714249678,1.000119655303081,1.0003759039586315,0.0002477407346975082,0.0001502122745299183,0.020942753433144924
ENSG00000102181,1.0000987218525041,1.000047608964565,1.0001498373528461,9.871697982283547e-05,0.00015330277708410054,0.0212721530623115
ENSG00000135218,1.0000052674000723,1.0000025400919004,1.0000079947156826,5.2673861995998325e-06,0.00015346715014964046,0.0212721530623115
ENSG00000187800,1.0003568200089052,1.0001717931756793,1.00054188107118,0.000356756363785365,0.00015678409712900006,0.021668925563202844
ENSG00000276527,1.014772405572992,1.0070755197161434,1.0225281172584244,0.014664356387660228,0.00016003283530449184,0.021996803489877363
ENSG00000092009,1.0012216585641407,1.0005871737634309,1.0018565456995723,0.0012209129465153435,0.0001600790824836929,0.021996803489877363
ENSG00000256691,1.0581308556920634,1.0275260522926963,1.0896472213715536,0.05650400791670814,0.0001611129611335553,0.022051046251942378
ENSG00000139874,1.0001687220585573,1.000081068614554,1.0002563831850642,0.0001687078265916622,0.00016139874883452644,0.022051046251942378
ENSG00000240476,1.0077102368115072,1.0036966160092933,1.0117399074356364,0.00768066484298288,0.00016189782467852077,0.022056034503774934
ENSG00000223553,1.0016946732421732,1.0008134065835705,1.002576715900496,0.0016932389037357764,0.00016289644256305586,0.02212885519741205
ENSG00000227260,1.0240136280946392,1.0114506584960883,1.0367326391212206,0.023729835214927372,0.0001647461339907034,0.02231654875268386
ENSG00000215386,1.0005431904650046,1.0002604285778516,1.0008260322856255,0.000543042990466147,0.00016613973416270984,0.022441571683700652
ENSG00000129538,1.0000182200207703,1.0000087269238835,1.0000277132077753,1.82198547878577e-05,0.00016872274781151465,0.022697538685413084
ENSG00000270038,1.0147545734858432,1.0070383938292942,1.0225298764378465,0.014646783734196258,0.00016929829787319,0.022697538685413084
ENSG00000181092,1.0000096516658998,1.0000046214478104,1.000014681909292,9.651619322842474e-06,0.00016946276943096049,0.022697538685413084
ENSG00000224309,1.017893857256947,1.0085240527767687,1.02735071294404,0.017735646736410454,0.0001706635340983122,0.022794337907214905
ENSG00000272482,1.0075752398578468,1.0036166720190567,1.0115494214860161,0.00754669180995607,0.0001716752424428483,0.0228654159501673
ENSG00000286695,1.1012139803489094,1.0471676243097512,1.1580497738508968,0.09641318976412656,0.00017335361896811987,0.022952558434134195
ENSG00000062485,1.000056045070776,1.0000267868687351,1.0000853041288364,5.6043500309863856e-05,0.0001737382861205648,0.022952558434134195
ENSG00000173269,1.00007499460219,1.0000358431318406,1.0001141476053221,7.49917902355224e-05,0.0001737736167678043,0.022952558434134195
ENSG00000107562,1.0000233642693541,1.0000111584106273,1.0000355702770625,2.3363996413843196e-05,0.00017560157252523295,0.023129928677204856
ENSG00000287544,1.0577822172048421,1.0271687445604545,1.0893080859013018,0.056174468395598184,0.0001775798219845348,0.023326063558861125
ENSG00000174807,1.0000484220691457,1.0000230865113653,1.0000737582688015,4.8420896835147914e-05,0.00017968767633490138,0.023503671770120756
ENSG00000100911,0.9999120743345608,0.999866069238852,0.9999580815470219,-8.792953112720427e-05,0.0001799177927958994,0.023503671770120756
ENSG00000237819,1.0105111749656754,1.00499515117794,1.0160574740421935,0.010456316648163799,0.00018100218381871805,0.02356025688210012
ENSG00000135363,1.0003253764734676,1.0001550162083581,1.0004957657566989,0.0003253235500225847,0.00018133916940838774,0.02356025688210012
ENSG00000173482,1.0000815571043746,1.000038831656683,1.0001242843774594,8.155377877488755e-05,0.00018301331965711853,0.02371315518448567
ENSG00000223458,1.0554755012221637,1.0260299632084207,1.085766082499758,0.0539913774467818,0.00018402032023253555,0.023779016014438374
ENSG00000142910,1.0000655819567679,1.0000311878382624,1.000099977258192,6.557980636545213e-05,0.0001860254630675945,0.023973151702673084
ENSG00000131471,1.0000168089261154,1.0000079849018668,1.000025633028227,1.68087848470709e-05,0.00018879241706759166,0.02426415102592158
ENSG00000241644,1.000400000608232,1.000189920607351,1.0006101247343397,0.00039992062931592447,0.00018981237416328912,0.02432966028186546
ENSG00000171773,1.0903647119769286,1.0419253175931522,1.1410560671189744,0.08651223841954828,0.00019044013719892778,0.024344682632491354
ENSG00000095739,1.000030526816206,1.00001448693931,1.000046566950376,3.0526350272113e-05,0.00019133044279207078,0.024393096719816893
ENSG00000250921,1.0715850143799635,1.0333333890285124,1.1112526269215734,0.0691388742493286,0.00019299188343241102,0.024539303962197924
ENSG00000164849,1.0023843418839444,1.0011296790446673,1.0036405771257515,0.0023815038511663784,0.00019393551881252675,0.02459370587239069
ENSG00000118804,1.0019318811923381,1.000914684916708,1.0029501112106824,0.0019300175097569925,0.0001960072844239173,0.0247543514584328
ENSG00000138459,1.0002306451062308,1.000109242268714,1.000352062680787,0.00023061851173741542,0.00019624061178825548,0.0247543514584328
ENSG00000136859,1.0000345579255223,1.0000163541087232,1.000052762073695,3.455732841089671e-05,0.00019858914219559372,0.024984505219446704
ENSG00000285336,1.005829267549198,1.0027502861346445,1.0089177030887537,0.005812343108661561,0.000202571101886564,0.025418408631987223
ENSG00000286492,1.0362584781967579,1.0169496484999392,1.055933924770637,0.035616609047175084,0.00020613613869858866,0.02572163849090349
ENSG00000254724,1.3026752251070826,1.1328707783129577,1.4979314274791886,0.2644200154297514,0.000206696002234901,0.02572163849090349
ENSG00000197921,1.0302100478087386,1.0141401638026142,1.046534572328263,0.029762711362063324,0.0002069078281420558,0.02572163849090349
ENSG00000079308,1.000007994112669,1.0000037710357776,1.0000122172073944,7.994080716094424e-06,0.00020714544651035904,0.02572163849090349
ENSG00000144642,1.000180776457843,1.0000852521628933,1.0002763098769056,0.0001807601197480304,0.00020781430825691336,0.025737667133262712
ENSG00000175445,1.0000069444593378,1.0000032742646916,1.0000106146674541,6.944435225090509e-06,0.00020849164039414252,0.02575465906029405
ENSG00000272657,1.173455404070441,1.0782977030006693,1.2770105894784303,0.15995273309039934,0.00020969167578433368,0.025835965076869763
ENSG00000069431,1.000148094056381,1.0000697600920667,1.0002264341564773,0.00014808309153863138,0.00021094612010510479,0.025923538399102077
ENSG00000138593,1.0000731053004215,1.0000344074922927,1.0001118046060191,7.310262835931887e-05,0.00021332040742607025,0.02614792716424134
ENSG00000154736,1.0000883944844647,1.0000415892583856,1.0001352019011818,8.83905779024566e-05,0.00021425530656662495,0.026195183404384127
ENSG00000228522,1.0202002965584644,1.009444384228367,1.0310708161436624,0.0199989771932422,0.0002171033252958206,0.02641704943477263
ENSG00000271880,1.0190911705834989,1.008928173448762,1.02935654022946,0.01891122087964262,0.00021717804157608467,0.02641704943477263
ENSG00000255389,1.0044757575871694,1.0021003373754498,1.006856808593503,0.004465771170944428,0.00021830794930661313,0.02648340192219197
ENSG00000130876,1.00039345647903,1.0001847848397907,1.0006021716540776,0.00039337909532687087,0.000219099870312105,0.02648340192219197
ENSG00000271820,1.1708911254107979,1.0769015766172887,1.2730838707398313,0.15776510455506482,0.00021960720672237362,0.02648340192219197
ENSG00000228983,1.0631913721426423,1.029187149785552,1.0983190900062119,0.06127511339398153,0.00022020400679019506,0.02648340192219197
ENSG00000172350,1.0150292190074157,1.0070277238285987,1.0230942913088696,0.014917399278831532,0.00022050062000566697,0.02648340192219197
ENSG00000159433,1.0002584889072463,1.0001212097277883,1.0003957869299935,0.00025845550474483674,0.00022361610270367995,0.02674456260059499
ENSG00000163297,1.0000878982460062,1.0000412162104286,1.0001345824607064,8.78943831816166e-05,0.00022379683062030538,0.02674456260059499
ENSG00000124212,1.0000865007839306,1.0000405195325417,1.0001324841495094,8.649704295351974e-05,0.00022673930328001023,0.02702845864749362
ENSG00000132837,1.0009035946500608,1.000422922953055,1.001384497294674,0.0009031866541717708,0.00022849315662561598,0.02715048694599575
ENSG00000074416,1.000024963615957,1.000011683460083,1.0000382439481916,2.496330437120889e-05,0.00022933230109756786,0.02715048694599575
ENSG00000128573,1.0006992422242544,1.0003271616009826,1.0010714612462377,0.0006989978683129645,0.00022967804904392,0.02715048694599575
ENSG00000238097,1.0059084180757596,1.0027602704452838,1.0090664492584616,0.005891031823565256,0.0002300406175534223,0.02715048694599575
ENSG00000106648,1.0253787127096052,1.0117918214680761,1.039148056121326,0.025062020165239767,0.00023101733457759837,0.027157753699866477
ENSG00000259744,1.0295109078204348,1.0136939687207152,1.0455746428666668,0.029083842689834924,0.0002316663447306229,0.027157753699866477
ENSG00000101280,1.00151194003391,1.0007066139193814,1.0023179142406384,0.001510798203351652,0.00023233325974284335,0.027157753699866477
ENSG00000249467,1.3850733492902843,1.1645111834723363,1.6474106991345863,0.3257530980133609,0.00023238042677625777,0.027157753699866477
ENSG00000267023,1.000516472679394,1.0002412157385765,1.0007918053683234,0.0005163393532838796,0.00023508705095412412,0.027406896732505
ENSG00000279447,1.0338895531988939,1.015682315491711,1.052423175937961,0.03332795529298912,0.0002364569547016351,0.027431322084221516
ENSG00000139318,1.0000663830434269,1.0000309749415737,1.0001017923989748,6.638084017015113e-05,0.00023822817288451565,0.027431322084221516
ENSG00000256757,1.0322759076931067,1.0149319073797212,1.049916296704772,0.031765983742883676,0.00023843870047976143,0.027431322084221516
ENSG00000170145,1.000040507533029,1.0000188996689263,1.0000621158640226,4.050671262096547e-05,0.00023849022965194262,0.027431322084221516
ENSG00000071205,1.000330363028873,1.0001541060594166,1.0005066510600618,0.00033030847102300643,0.00023888131402695985,0.027431322084221516
ENSG00000251361,1.135100390262597,1.0608982375900842,1.2144924464208033,0.12672109659250338,0.00023895633939000473,0.027431322084221516
ENSG00000106034,1.000093159662017,1.0000434530006403,1.0001428687940386,9.31553229251934e-05,0.00023932364387056228,0.027431322084221516
ENSG00000106511,1.0003007073258317,1.000140141478188,1.0004612989512542,0.0003006621224455711,0.0002417234999023862,0.02763995185214767
ENSG00000123243,1.0000267145833788,1.0000124477279162,1.0000409816423819,2.671422655056073e-05,0.00024251139017054826,0.02766370360313895
ENSG00000106113,1.0076647770453309,1.003563136302437,1.01178318151357,0.007635551882991412,0.00024338939991774865,0.027697597534315256
ENSG00000187942,1.0032276294532103,1.001501749505385,1.0049564835961338,0.003222431838247237,0.0002443133531026631,0.027704824765079374
ENSG00000170509,1.0009764065919418,1.0004544750357196,1.0014986104369648,0.0009759302170904652,0.0002449839416570702,0.027704824765079374
ENSG00000197702,1.0000469450469027,1.0000218548002036,1.0000720359231088,4.694394501847618e-05,0.0002451960079456293,0.027704824765079374
ENSG00000102010,1.00099952920782,1.0004649980680291,1.0015343459383512,0.0009990300111147256,0.0002465442914928203,0.02773092123088007
ENSG00000207870,1.0290316761088985,1.0134061190933519,1.0448981612454085,0.028618239768685678,0.000246590130487252,0.02773092123088007
ENSG00000116194,1.000260639400608,1.0001212102365566,1.000400088002795,0.00026060544006020173,0.0002482626897254822,0.027853321344683393
ENSG00000180663,1.3699406884832055,1.1575615229105212,1.62128530779345,0.31476744582490895,0.000249892111848184,0.02789188154598039
ENSG00000124615,1.0001766816641988,1.000082120293868,1.0002712519756485,0.00017666605783189438,0.00025004543558052045,0.02789188154598039
ENSG00000183801,1.00028239641798,1.000131210993378,1.0004336046966156,0.00028235655161667583,0.0002510169792197611,0.02789188154598039
ENSG00000250126,1.1367550143178284,1.0613568624842902,1.2175094054153281,0.12817772481316908,0.00025164969252372484,0.02789188154598039
ENSG00000234842,1.0536933470420018,1.024593772944854,1.0836193805955658,0.05230146570192377,0.0002518720366467679,0.02789188154598039
ENSG00000240654,1.0058147401036972,1.0026967858473297,1.0089423898521437,0.005797899752435779,0.00025211612235891004,0.02789188154598039
ENSG00000261103,1.0137434918495565,1.0063573176956402,1.0211838769359842,0.013649906549745109,0.0002537267736124801,0.028005092637477486
ENSG00000116016,1.0000188913372101,1.0000087682379248,1.0000290145389716,1.8891158771045047e-05,0.0002545629392637056,0.02803249438792612
ENSG00000236444,1.0173144347189773,1.0079947554585555,1.02672028151256,0.017166247961937307,0.00025639506791415425,0.02813124582525208
ENSG00000215009,1.0060963099270277,1.0028230907071924,1.00938021294958,0.0060778026091395385,0.00025663965299242177,0.02813124582525208
ENSG00000108960,1.0000595024742183,1.000027590202015,1.0000914157647862,5.950070401626419e-05,0.00025765482268646903,0.02817774599847756
ENSG00000174306,1.000168701325266,1.0000781796386,1.0002592312054672,0.00016868709679773781,0.0002593535237150944,0.028298614914835537
ENSG00000248334,1.0027072443465108,1.0012517489056405,1.004164855605886,0.0027035863610878185,0.0002644502075224869,0.028788846564126072
ENSG00000205423,1.0007104317141993,1.000328446315158,1.0010925629781768,0.0007101794770467995,0.0002665426917603048,0.02895054357292677
ENSG00000158813,1.002055051752886,1.0009486827674872,1.0031626436304797,0.002052943022571448,0.00027020409796523403,0.02928152681631429
ENSG00000080561,1.000150328645681,1.000069416892257,1.0002312469453625,0.00015031734746238096,0.00027093952074335343,0.029294644508128298
ENSG00000285719,1.0478708803845234,1.0218237000027692,1.0745820261898997,0.04676037256844107,0.00027159887792399886,0.0292994970524256
ENSG00000184232,1.0001362370593772,1.0000628338050832,1.0002096457013703,0.0001362277799517066,0.0002749512260475639,0.02958122139378669
ENSG00000262454,1.0008296222934363,1.0003825006042901,1.001276943823948,0.000829278347078597,0.000275451161839715,0.02958122139378669
ENSG00000129596,1.0001493801299757,1.0000688362802794,1.000229930466537,0.00014936897387503005,0.00027780855630790853,0.029725860188462527
ENSG00000272848,1.0019640971329349,1.0009045749894458,1.00302474084905,0.0019621708160643685,0.0002780448312582167,0.029725860188462527
ENSG00000236319,1.029038105398557,1.0132747009226883,1.045046739445877,0.02862448765174208,0.0002787485019433448,0.029734420737500145
ENSG00000259719,1.0851255801302597,1.0383061032293806,1.1340562489142014,0.0816957223503669,0.0002829431332605412,0.030114496607431086
ENSG00000120318,1.0003528789832796,1.0001622857691435,1.000543508517295,0.0003528167361346196,0.0002843857394957581,0.03020062545798828
ENSG00000132840,1.0001934760119553,1.0000889461496016,1.0002980167998292,0.00019345729788548835,0.0002857465602406257,0.030259035447607177
ENSG00000100979,1.0000408937821792,1.0000187982299338,1.0000629898226288,4.089294605123706e-05,0.00028620496176483447,0.030259035447607177
ENSG00000186687,1.0004435739912225,1.0002037926647085,1.0006834128011064,0.000443475641362164,0.000287703511947558,0.030350174461689073
ENSG00000206120,1.0172668635054773,1.0078930262119965,1.0267278815049654,0.017119485305119225,0.00028952569994620544,0.030474976655264826
ENSG00000232328,1.0467736942534984,1.0212099229720402,1.0729773989976368,0.04571276168050779,0.00029038688910897065,0.03049829878082365
ENSG00000198010,1.0055494897354615,1.002543259419016,1.0085647345464244,0.005534148050145059,0.0002915656005698537,0.0305547933326852
ENSG00000211445,1.0000076454543068,1.0000035068864879,1.0000117840392535,7.645425080351525e-06,0.0002937168027511464,0.030700211520755926
ENSG00000042445,1.000035430194809,1.0000162484661999,1.0000546122913507,3.542956717426125e-05,0.0002943293602051892,0.030700211520755926
ENSG00000288013,1.079810287035089,1.0358360635328925,1.1256513429451338,0.07678536555338132,0.000294884796705386,0.030700211520755926
ENSG00000197083,1.0013392298848591,1.000613438555483,1.0020655476643443,0.0013383339163661697,0.0002973087638579356,0.030885133939594956
ENSG00000263400,1.0071123395346948,1.0032496806367337,1.0109898702378008,0.00708716613854919,0.0003006393183119419,0.03116322603423916
ENSG00000101331,1.0012689295752928,1.0005804071848516,1.0019579257538263,0.001268125164581007,0.0003024265008106883,0.031217816637564205
ENSG00000215440,1.0002687362558746,1.0001229513486973,1.0004145424136783,0.0002687001527549908,0.00030247538455926054,0.031217816637564205
ENSG00000154330,1.000206372168936,1.000094327418303,1.0003184294724112,0.00020635087712929284,0.00030599115304454094,0.03151246254745098
ENSG00000286073,1.0339787679516388,1.0153801805246454,1.0529180232988005,0.033414241979513405,0.0003084743567776068,0.03165680418413989
ENSG00000152580,1.0001304759428284,1.0000595829679213,1.00020137394325,0.00013046743158291838,0.0003093403621157144,0.03165680418413989
ENSG00000109339,1.0002331330603225,1.0001064579603274,1.0003598242051903,0.00023310588903349236,0.00030938447946414135,0.03165680418413989
ENSG00000236782,1.0087760231361909,1.0039970106229408,1.0135777836858995,0.008737737678137347,0.00031048411217327515,0.03170129215555911
ENSG00000179363,1.0220184659802312,1.0099879007493877,1.0341923344126933,0.02177956009208708,0.0003121939622522202,0.03177435325218714
ENSG00000231561,1.02748114938379,1.0124465308660564,1.0427390288314422,0.02711032112145976,0.0003125324372986822,0.03177435325218714
ENSG00000144230,1.0039399555595938,1.0017952599258881,1.006089242669767,0.003932214261606013,0.00031357481264432293,0.03181249833299278
ENSG00000106823,1.0000539656870333,1.0000246026169293,1.0000833296193061,5.396423093811023e-05,0.00031551671855661303,0.03186365858995917
ENSG00000111961,1.000065838452847,1.0000300140027154,1.0001016641863312,6.58362855910265e-05,0.00031566769811340806,0.03186365858995917
ENSG00000204136,1.0002618958143632,1.0001193611437194,1.0004044507987149,0.00026186152564096116,0.0003164002573964278,0.03186365858995917
ENSG00000200378,1.0439744134234321,1.0198066604428813,1.0687149026948748,0.043034980945012444,0.0003167521113132974,0.03186365858995917
ENSG00000229694,1.0254163116255992,1.0114897974580515,1.039534570482363,0.025098687814177983,0.00032139149532439947,0.03224739309421579
ENSG00000249464,1.002574155563586,1.0011706823279434,1.003979596233112,0.002570848099888215,0.00032198754149148683,0.03224739309421579
ENSG00000271871,1.0223374207363185,1.0101029749589936,1.034720051072237,0.02209159456783362,0.000322595665155424,0.03224739309421579
ENSG00000186594,1.000279153692801,1.0001269775010546,1.0004313530392006,0.00027911473665854516,0.0003236349414922661,0.032283601004674124
ENSG00000278730,1.0002269368268122,1.0001032031712676,1.0003506857907944,0.0002269110805456917,0.00032450774402148616,0.03230308611781316
ENSG00000287401,1.0044059040130642,1.001999853495622,1.0068177320553955,0.004396226433224386,0.00032736273627785817,0.03251939581500173
ENSG00000226871,1.0464814431359981,1.0208571295911744,1.0727489470211846,0.04543353043518173,0.00032819799555050484,0.03253458799134963
ENSG00000243244,1.000399821075628,1.0001815751381042,1.0006181146357938,0.00039974116848001814,0.0003294991954453593,0.03258923906361654
ENSG00000250722,1.0000414371433448,1.0000188099743026,1.000064064824366,4.143628485013093e-05,0.0003315460462455114,0.03258923906361654
ENSG00000260388,1.0248975337343038,1.0112242044265023,1.0387557477922342,0.024592640504845022,0.0003322357927512419,0.03258923906361654
ENSG00000232337,1.089268422172971,1.0395674450959207,1.1413455674669715,0.08550629858570435,0.0003325693478664921,0.03258923906361654
ENSG00000279475,1.449044966818116,1.1833106431231264,1.7744548551672519,0.37090469585780184,0.0003327698003015125,0.03258923906361654
ENSG00000108001,1.0003752856109531,1.0001702753319706,1.000580337911995,0.000375215208921678,0.0003330247956959439,0.03258923906361654
ENSG00000238000,0.9859472226176057,0.9783538876879253,0.9935994919840782,-0.014152452569101755,0.0003335335905172785,0.03258923906361654
ENSG00000166819,1.000006726406196,1.0000030503503796,1.0000104024755259,6.726383573791375e-06,0.00033536985435385944,0.03270164702515486
ENSG00000256268,1.0178049916478493,1.008028632660779,1.02767616658751,0.01764833951098101,0.0003386159659790581,0.03295078875472132
ENSG00000157064,1.000252750360517,1.0001143918789719,1.0003911279829418,0.00025271842452569517,0.00034277238373619807,0.03327777717369697
ENSG00000273177,1.3762716791226228,1.1554884193567452,1.639240777341112,0.31937816124503526,0.0003436793717966973,0.03327777717369697
ENSG00000287115,1.0053163689839566,1.0024018952751994,1.0082393164965235,0.005302286982398206,0.00034423833746147285,0.03327777717369697
ENSG00000103994,1.0000221064083956,1.000009996970092,1.0000342159933362,2.2106164052531367e-05,0.0003461885486011718,0.03327777717369697
ENSG00000227467,1.0023773619979468,1.0010743612788482,1.0036820587058148,0.002374540543772704,0.00034632605642101667,0.03327777717369697
ENSG00000105609,1.0002214849111697,1.0001001286967979,1.0003428558513978,0.00022146038700772958,0.0003471989096359272,0.03327777717369697
ENSG00000264589,0.9978508880475689,0.9966753113184986,0.9990278513672675,-0.002151424607553742,0.00034740692941520466,0.03327777717369697
ENSG00000091436,1.0000517214085864,1.000023373820246,1.0000800698004941,5.172007108055271e-05,0.0003487831192614572,0.03327777717369697
ENSG00000267122,1.0280300656184198,1.0125688625824882,1.0437273501774476,0.027644413315821792,0.0003496169300246918,0.03327777717369697
ENSG00000155970,1.0012182161079333,1.0005502396947774,1.0018866384682,0.0012174746847719007,0.0003496257348331805,0.03327777717369697
ENSG00000251322,1.0001654854279167,1.0000747547503808,1.000256224336893,0.00016547173671362973,0.00035029533973332966,0.03327777717369697
ENSG00000260947,1.0038515962142085,1.0017381028415067,1.0059695486907656,0.0038441978085389877,0.00035035116272798706,0.03327777717369697
ENSG00000250049,1.0299379248604785,1.0133980933946727,1.0467477055463394,0.029498533299659197,0.00035530957422567536,0.03368165232252217
ENSG00000171262,1.0001825251600502,1.000082286989426,1.0002827733775388,0.00018250850435980575,0.0003582451039637297,0.03385329623193345
ENSG00000276409,1.002090366201531,1.0009416114384861,1.0032404393606646,0.0020881844260469064,0.00035946160551366004,0.03385329623193345
ENSG00000285115,1.1747909833784156,1.075285233545675,1.2835048892807104,0.16109024528598995,0.0003605270482493697,0.03385329623193345
ENSG00000137960,1.000748802932328,1.0003373214853195,1.0011604536392227,0.0007485227192863924,0.00036069017900753155,0.03385329623193345
ENSG00000226239,1.0115605914493777,1.005192280014254,1.0179692487878087,0.011494278401400491,0.0003608240691249197,0.03385329623193345
ENSG00000251257,1.0122687698851598,1.0055081649658348,1.0190748302075017,0.012194118494855079,0.00036164202865180745,0.03385329623193345
ENSG00000122691,1.0001858512621666,1.0000837063266976,1.0002880066303503,0.00018583399396039703,0.00036209011950602034,0.03385329623193345
ENSG00000242268,1.0193971508336113,1.0086881640039729,1.0302198322648222,0.01921142397543237,0.0003632653760229351,0.0338967116624767
ENSG00000280216,1.0213831193769454,1.0095658301813262,1.0333387337018012,0.021157708148433388,0.00036610069521267704,0.03409455732252122
ENSG00000136114,1.0006678577653023,1.000300312597041,1.0010355379824574,0.0006676348475510702,0.0003681250989439952,0.03421625919658398
ENSG00000119950,1.0001252338050726,1.0000562954207495,1.000194176941629,0.00012522596397424022,0.0003700360621959704,0.03432696404207833
ENSG00000272701,1.0086662973113312,1.0038854689784087,1.0134698935000055,0.008628960516227233,0.0003712060145601685,0.034368631429627094
ENSG00000113391,1.0002879576225092,1.000129354454409,1.0004465859423208,0.0002879161706704613,0.0003726772665494138,0.034437979503118506
ENSG00000283175,1.0168218201665733,1.0075180411558866,1.0262115135731753,0.016681900307397246,0.00037510556978206445,0.03459532645715357
ENSG00000248540,1.004865383325107,1.0021788960364886,1.0075590721363084,0.0048535855991546075,0.00038018408343953994,0.03487748111188211
ENSG00000275569,1.0424311858354953,1.0188097623005348,1.0666002794757736,0.04155566372125164,0.00038019227448699174,0.03487748111188211
ENSG00000148926,1.0001439966670171,1.0000645681110896,1.000223431531433,0.00014398630049219726,0.0003803592588016169,0.03487748111188211
ENSG00000270178,1.0214240553609182,1.0095358530435494,1.0334522520667107,0.02119778631585377,0.00038690343451153864,0.03538450481333865
ENSG00000161649,1.0000916838601819,1.0000410431064035,1.0001423271783412,9.167965747364995e-05,0.00038737283487611207,0.03538450481333865
ENSG00000011523,1.0001784132751774,1.0000798174638514,1.0002770188068617,0.000178397361421888,0.00038997164467279407,0.03544263050701323
ENSG00000280989,0.6828933006167405,0.553102783538253,0.8431403238363439,-0.3814166532598158,0.00039053075435096336,0.03544263050701323
ENSG00000237161,1.0366445170901109,1.016229435907366,1.05746971780391,0.03598907114375515,0.00039055869994934067,0.03544263050701323
ENSG00000197241,1.0398654220550996,1.0176389003171766,1.0625773991627143,0.03909130291004034,0.0003909824178241047,0.03544263050701323
ENSG00000153823,1.0002875372970355,1.0001285610445716,1.0004465388196992,0.00028749596610943515,0.0003923493726125188,0.035473000285583235
ENSG00000274021,1.0027073873874783,1.0012095644919259,1.0042074510461099,0.002703729015843872,0.000392805338509038,0.035473000285583235
ENSG00000163737,1.0281553558154048,1.0124855070626921,1.0440677207900488,0.027766279948892934,0.00039489492346517354,0.03559429062507827
ENSG00000163710,1.000044589543249,1.0000199077869074,1.0000692719087676,4.458854916479907e-05,0.0003988174846403573,0.035880028872870784
ENSG00000130307,1.001246277475129,1.0005559383796996,1.0019370928738298,0.0012455015159963877,0.0004011443217357636,0.03597129412228718
ENSG00000197245,1.0005924080820563,1.0002642967238393,1.0009206270688908,0.0005922326776589499,0.00040134072549508786,0.03597129412228718
ENSG00000120156,1.0001911228708658,1.0000852577022148,1.0002969992459951,0.00019110460921658253,0.00040232073143773943,0.035991476766255706
ENSG00000114019,1.0000766487145336,1.000034186186302,1.0001191130457698,7.664577717087981e-05,0.0004032109494699639,0.036003566465593294
ENSG00000205726,1.0000613228249742,1.0000273435948828,1.0000953032096223,6.132094480661146e-05,0.0004043555093322199,0.0360099496267093
ENSG00000280241,1.0027594155124018,1.0012293701934434,1.0042917989955689,0.0027556153146944874,0.00040479285684149544,0.0360099496267093
ENSG00000122121,1.000627821487893,1.0002794388234484,1.0009763254889124,0.0006276244904311294,0.0004115713901852135,0.03652391585349474
ENSG00000214093,0.9383074293738188,0.905732486011206,0.9720539404470594,-0.06367763380868834,0.00041210240193742233,0.03652391585349474
ENSG00000116574,1.000118769849205,1.0000528229460277,1.0001847211011463,0.0001187627966247081,0.000415602381247805,0.036756197769631106
ENSG00000105971,1.0000412140996526,1.0000183228973452,1.0000641058259576,4.121325037494617e-05,0.00041741980461443994,0.036756197769631106
ENSG00000135437,1.001016364626616,1.0004515581740427,1.001581489941533,0.0010158484777893861,0.00041913090834757666,0.036756197769631106
ENSG00000236403,1.0578938993205829,1.0253265828964473,1.0914956472290496,0.056280044211265076,0.0004192029059236069,0.036756197769631106
ENSG00000233473,1.0588142606968234,1.025722574132117,1.092973545603726,0.05714966001530044,0.000419260444011474,0.036756197769631106
ENSG00000261468,1.0014246353443175,1.0006327540785735,1.0022171432894664,0.0014236215141633641,0.00041999249291911026,0.036756197769631106
ENSG00000255470,1.0518054200551488,1.0226952149329092,1.0817442239914685,0.05050813528318816,0.00042011928577763,0.036756197769631106
ENSG00000144031,1.0023952804695537,1.001063184296585,1.0037291492381408,0.0023924163579451567,0.00042166392716262556,0.036823771749026214
ENSG00000135046,1.0000111531151148,1.0000049528189088,1.0000173534497643,1.1153052919211424e-05,0.00042252622592723867,0.03683161883850566
ENSG00000077157,1.0000550592175916,1.000024441072187,1.0000856783004441,5.505770188850758e-05,0.00042419135607222664,0.036909292409189616
ENSG00000127920,1.0000607554492993,1.0000269517416225,1.000094560299636,6.075360376167697e-05,0.0004271852728096429,0.03710209139910636
ENSG00000167074,1.0001841301182977,1.0000816302567608,1.0002866404851984,0.00018411316842796143,0.00042990494981363085,0.0372483809397115
ENSG00000232079,1.0014526770351682,1.000643712324136,1.0022622957491143,0.00145162292061899,0.0004304319847695365,0.0372483809397115
ENSG00000231672,1.0016772495819652,1.0007420096555348,1.0026133635335805,0.001675844569703262,0.00043763485444423407,0.03769938515121753
ENSG00000135447,1.00004410875975,1.0000195218054015,1.0000686963186052,4.410778698725063e-05,0.00043778613876316156,0.03769938515121753
ENSG00000249679,1.0018362746529106,1.000812258664631,1.0028613383988843,0.0018345907616862452,0.0004380155902389688,0.03769938515121753
ENSG00000118596,1.0001061048971887,1.000046939134549,1.0001652741602516,0.00010609926846214866,0.00043978191957892715,0.037783209890743075
ENSG00000254959,1.319143373434516,1.1303212090289716,1.5395086155829119,0.2769825664135975,0.00044108365304177256,0.03782688982794568
ENSG00000231749,1.0541812393420735,1.0235944658068405,1.0856819985880033,0.05276438917178877,0.0004442323205999819,0.03802851976812987
ENSG00000213791,1.0155780140996487,1.0068530612807796,1.0243785735831037,0.015457922425451796,0.00044579567710306375,0.038093959633742444
ENSG00000287148,1.0005300810768987,1.0002335860591574,1.000826663983406,0.0005299406335534465,0.0004574982771897628,0.03902403014841193
ENSG00000260105,1.0079216690247599,1.003481055693308,1.0123819329979928,0.007890457328819343,0.0004609487095080241,0.03914972823223793
ENSG00000235158,1.0782648916963835,1.0337410235186129,1.124706430540608,0.07535316743712078,0.000461201903969907,0.03914972823223793
ENSG00000179046,1.0020066029777879,1.0008831358312227,1.003131331189091,0.002004592439151825,0.00046143507542715736,0.03914972823223793
ENSG00000162733,1.0000256057296681,1.0000112711361664,1.000039940528648,2.5605401846969393e-05,0.0004633728213785167,0.03920704993305172
ENSG00000110799,1.0000128393551586,1.0000056511992454,1.000020027562741,1.2839272734728087e-05,0.0004637552150128176,0.03920704993305172
ENSG00000157554,1.0002058571028098,1.0000905365628854,1.0003211909403573,0.0002058359171438114,0.0004672465799228569,0.0394093549550419
ENSG00000171227,1.000091534413606,1.000040253759038,1.0001428176977736,9.153022458725052e-05,0.00046780115986229013,0.0394093549550419
ENSG00000198844,1.0001750388060273,1.0000769055239298,1.0002731817175254,0.00017502348852287846,0.00047212652711612474,0.0397035927089084
ENSG00000172901,1.000362304451717,1.0001590769539166,1.0005655732443641,0.00036223883530742216,0.0004751111898993737,0.03983872168754178
ENSG00000168427,1.0009028050892241,1.0003963105594975,1.0014095560540315,0.0009023978058227849,0.000475404400826544,0.03983872168754178
ENSG00000119865,1.0002533059827976,1.0001111435381722,1.0003954886353377,0.00025327390625378923,0.00047857385795593187,0.04001834674860068
ENSG00000253105,1.0191319588304295,1.0083469009675285,1.0300323713128512,0.018951244217958713,0.00048069913437739264,0.04001834674860068
ENSG00000286320,1.0065920138621407,1.0028858332827246,1.0103118906909516,0.006570381553705335,0.0004809992458990371,0.04001834674860068
ENSG00000136854,1.000126240023053,1.000055363722711,1.0001971213465672,0.00012623205545186973,0.0004811252057374187,0.04001834674860068
ENSG00000232048,0.35640782397460935,0.1996750362004288,0.6361663401067825,-1.031679630835731,0.0004830102928797308,0.04001834674860068
ENSG00000270076,1.009183104579452,1.0040154257208274,1.014377381540159,0.009141196244955635,0.0004832263287560671,0.04001834674860068
ENSG00000134042,1.002063348466482,1.0009038396523808,1.0032242005271936,0.002061222686682323,0.00048422280782710206,0.04001834674860068
ENSG00000272108,1.0047675371336762,1.0020867981836048,1.0074554474798099,0.004756208420952398,0.00048426211303935636,0.04001834674860068
ENSG00000286289,1.0011900855308506,1.0005212806926007,1.001859337435965,0.0011893779404050693,0.0004857201379861977,0.040069390345082834
ENSG00000241399,1.0007265223871342,1.0003181010265885,1.0011351105026427,0.0007262585975031379,0.0004883869762609283,0.0402198062211979
ENSG00000114757,1.0001142351829033,1.0000500167945996,1.0001784576950021,0.0001142286585615981,0.0004892420199397366,0.04022075516339055
ENSG00000230490,1.0018464184868299,1.0008078286383661,1.0028860861334907,0.0018447159516218018,0.0004905647090430227,0.04026007995970639
ENSG00000165478,1.000932392084552,1.0004079389778504,1.0014571201301565,0.0009319576770568765,0.0004917567075985946,0.04028856242562919
ENSG00000229019,1.0667126611541353,1.0286523371141154,1.1061812241236417,0.06458164003993978,0.0004941504853342147,0.04041523746433281
ENSG00000233117,1.0009482524433075,1.000414326197407,1.001482463648378,0.0009478031359748973,0.0004983999122387225,0.040579282617164036
ENSG00000249550,1.0019411600564732,1.00084788282039,1.0030356315350937,0.0019392784399099557,0.0004986626900578981,0.040579282617164036
ENSG00000110786,1.0053067771533706,1.0023157464175028,1.0083067334846854,0.0052927458303383326,0.0004987093581153921,0.040579282617164036
ENSG00000167434,1.0003108395671012,1.00013575257921,1.0004859572062845,0.0003107912664917978,0.0005017025961893013,0.040753293341564335
ENSG00000254135,1.0129813206104306,1.0056479740579103,1.0203681431038831,0.012897785422723615,0.0005028183892282898,0.04077446672650224
ENSG00000136826,1.0000353328707563,1.0000154161523458,1.0000552499858364,3.533224656514571e-05,0.0005069383756923824,0.04096585970851998
ENSG00000273866,1.057683667373205,1.024767938983287,1.091656654810975,0.05608129758870717,0.000507561702962195,0.04096585970851998
ENSG00000010319,1.0000551207943096,1.0000240391503568,1.0000862034043079,5.511927521445347e-05,0.0005091797243831259,0.04096585970851998
ENSG00000166257,1.000816396169037,1.0003559289993675,1.00127707529328,0.0008160630989503069,0.0005097445238265715,0.04096585970851998
ENSG00000225383,1.0056826013116087,1.002474030399821,1.0089014417435873,0.005666516240702503,0.0005098637683714611,0.04096585970851998
ENSG00000154529,1.001876293676962,1.000817680231496,1.0029360268692602,0.001874535636703967,0.0005103334731525706,0.04096585970851998
ENSG00000284648,1.0038339582433806,1.0016687815873295,1.006003815079186,0.0038266273570417213,0.0005137676005814835,0.04117221299315344
ENSG00000146005,1.0012280371779236,1.0005345723368826,1.0019219826555155,0.0012272837570246546,0.0005170353473704361,0.04136456280757909
ENSG00000159792,1.0002833030712563,1.0001231200700922,1.0004435117278556,0.0002832629485189496,0.0005269925579952052,0.042090551340581865
ENSG00000271043,1.0390804066443902,1.0167963531920667,1.0618528361975001,0.038336097615912404,0.0005285249513246896,0.04214235238973888
ENSG00000205562,1.0189384244268593,1.0081830313158844,1.0298085571013644,0.018761324963214667,0.0005297948174440408,0.04217308261330009
ENSG00000114698,1.000124959306401,1.000054255064112,1.0001956685475084,0.00012495149963720551,0.0005321256886046715,0.042288028473413244
ENSG00000254271,0.9638173845377889,0.9439205172599194,0.9841336571789641,-0.036853437443466426,0.0005347924127019527,0.04240980894945244
ENSG00000179776,1.0000706407726143,1.0000306479036078,1.0001106352410014,7.0638277672517e-05,0.0005361682246198184,0.04240980894945244
ENSG00000168079,1.0000585743078911,1.0000254121252348,1.0000917375902498,5.857259248344552e-05,0.000536326387242981,0.04240980894945244
ENSG00000260983,1.2104949769723508,1.0863892850452284,1.3487781124556004,0.1910293478395359,0.0005375227067592979,0.04243403593327292
ENSG00000285684,1.0165386023812975,1.007136872498147,1.0260280984134285,0.016403329146115017,0.0005401119373869237,0.042567962642121156
ENSG00000241684,1.0012944534089996,1.0005608078871469,1.0020286368649263,0.00129361632648386,0.0005418738678136219,0.04263635274767181
ENSG00000263450,1.2237488182631195,1.0914011906777696,1.3721454429332105,0.201918949193573,0.0005448546307614029,0.042800261126796066
ENSG00000259916,1.0026634735284154,1.0011525368795136,1.0041766904787428,0.0026599327685505013,0.0005462106502326767,0.042836210895385675
ENSG00000287901,1.0149560117611327,1.0064471020803396,1.0235368591958387,0.014845273388253514,0.000548109455616965,0.04291454033288691
ENSG00000184811,1.0000279998503174,1.0000121168006115,1.0000438831522915,2.7999458329026147e-05,0.0005498953753784704,0.04293307725213921
ENSG00000078549,1.0005282321978275,1.0002285468240417,1.0008280073624152,0.0005280927323113261,0.0005501470198619407,0.04293307725213921
ENSG00000115306,1.000010114707889,1.000004369490778,1.0000158599580071,1.0114656735814932e-05,0.0005593201461862903,0.04357761962492597
ENSG00000226302,1.192869796040788,1.079140857068594,1.3185844470495698,0.17636199721053525,0.0005609122756366994,0.04363037377962333
ENSG00000139641,1.000043120967025,1.0000186155819597,1.0000676269525932,4.3120037342928995e-05,0.0005629000828008184,0.0437136836288414
ENSG00000162618,1.0000716365225681,1.0000308853040967,1.0001123894016501,7.163395679502163e-05,0.0005700635306101326,0.04419799880740218
ENSG00000135424,1.0000543906742643,1.0000234426838948,1.0000853396223894,5.438919514525421e-05,0.0005717980991712725,0.04426051455305944
ENSG00000231925,0.9999600065787988,0.9999372444247827,0.9999827692509631,-3.999422095934735e-05,0.0005740753807253638,0.0442742176512174
ENSG00000246774,1.1516652455005705,1.0627104298853687,1.2480660774515564,0.14120893454257435,0.000575445893905776,0.0442742176512174
ENSG00000279711,1.030945077830583,1.0132130952422325,1.0489873832996686,0.030475932840504642,0.0005755626450597868,0.0442742176512174
ENSG00000164035,1.000124707602093,1.0000537108020593,1.0001957094424014,0.0001246998267464104,0.0005756892526268777,0.0442742176512174
ENSG00000258933,1.1873395138510794,1.0767283593925157,1.3093136340789846,0.1717151015629145,0.000578101329650626,0.044351249945576134
ENSG00000225131,0.9910602449784116,0.986004704949809,0.9961417062676863,-0.008979954392536321,0.0005785511821263445,0.044351249945576134
ENSG00000170634,1.0007836343672911,1.0003370344945206,1.0012304336243087,0.0007833274861915551,0.0005824348155566492,0.044512748532762755
ENSG00000183018,1.0002444254427045,1.0001051167760657,1.0003837535142082,0.0002443955756727205,0.0005837474555322451,0.044512748532762755
ENSG00000114378,1.0005210389143635,1.000224034103037,1.00081813191779,0.000520903220720711,0.000584358750536092,0.044512748532762755
ENSG00000154079,1.000877715062881,1.000377355620106,1.0013783247707886,0.0008773300962593233,0.0005843920259533888,0.044512748532762755
ENSG00000138835,1.000139206248436,1.0000598121820037,1.000218606617909,0.00013919656014536741,0.0005890170889729676,0.04477708725940708
ENSG00000174738,1.000099468739539,1.000042733322869,1.000156207374979,9.946379285192317e-05,0.0005897405897174541,0.04477708725940708
ENSG00000144711,1.00009480771502,1.0000407150021746,1.0001489033537678,9.48032210525495e-05,0.0005919469188442703,0.04479258976500713
ENSG00000129048,1.0012822293597385,1.0005504264597747,1.002014567500576,0.0012814080057075878,0.0005923392169671952,0.04479258976500713
ENSG00000252061,1.0257096054828891,1.01095974471713,1.0406746661057606,0.02538467109471926,0.000592762974324053,0.04479258976500713
ENSG00000163632,1.022683512356159,1.0096720482832067,1.0358626528519752,0.02243006701820725,0.0005962036515362432,0.04498130144391004
ENSG00000262898,1.0434812155272566,1.018419958927631,1.0691591789940704,0.042562445961741364,0.0006001782027771804,0.04519773224550713
ENSG00000287956,1.0558953651709502,1.0235949020275563,1.0892150986499143,0.05438909436236876,0.0006009681272524542,0.04519773224550713
ENSG00000235875,1.0523806419210533,1.0221243442697165,1.0835325679298384,0.05105487579309668,0.0006030701637933328,0.045284396141722354
ENSG00000217261,1.0273621705851153,1.0116222546697597,1.0433469851786867,0.026994517840838304,0.0006106005687098117,0.0456961285414005
ENSG00000139946,1.0003181422916636,1.0001361607350348,1.0005001569610708,0.00031809169513575826,0.0006110417699022893,0.0456961285414005
ENSG00000099250,1.000043025083903,1.0000184099578575,1.0000676408158418,4.3024158350627864e-05,0.0006128181074893907,0.0456961285414005
ENSG00000281974,1.0127870394865899,1.005449766593909,1.02017785615171,0.012705975610443758,0.0006147802605729427,0.0456961285414005
ENSG00000126785,1.0002469862892012,1.0001056269118624,1.000388365646903,0.00024695579310886676,0.0006155373497849459,0.0456961285414005
ENSG00000260722,1.209302496479053,1.0846690189014998,1.3482569359928165,0.19004374420707196,0.0006159329154368455,0.0456961285414005
ENSG00000168477,1.0000231016064547,1.0000098793977588,1.0000363239899757,2.3101339616660848e-05,0.0006160884517926535,0.0456961285414005
ENSG00000177098,1.0002212655166531,1.000094601404719,1.000347945670867,0.00022124104104905275,0.000617155197822194,0.0456961285414005
ENSG00000229436,1.0062739482121672,1.0026777654523529,1.0098830289646243,0.00625434893294117,0.0006171785323741019,0.0456961285414005
ENSG00000261371,1.0000174169811593,1.000007445262992,1.0000273887987612,1.74168294855649e-05,0.000618520630520608,0.04572449721625369
ENSG00000154162,1.0014515484633821,1.000620071640657,1.002283716211391,0.0014504959852701808,0.0006201104403955618,0.04574296032212624
ENSG00000197872,1.0002520301797677,1.0001076883746158,1.0003963928172328,0.0002519984254971644,0.0006206890509713451,0.04574296032212624
ENSG00000286606,1.054849087121331,1.0230722044867486,1.0876129678050672,0.05339771131343863,0.0006226204235764458,0.0458144861681668
ENSG00000150750,1.0028555152744125,1.0012178383842396,1.00449587088793,0.0028514460353469507,0.0006272554774055364,0.04608369987435814
ENSG00000229484,1.0474569653593218,1.0199841755624581,1.07566972171381,0.04636528878102672,0.0006282120070117192,0.04608369987435814
ENSG00000149488,1.0047754565134845,1.0020335642820428,1.0075248514606805,0.00476409019291102,0.0006329975564146627,0.04631199367443102
ENSG00000260781,0.03834885802777989,0.0059073469234498625,0.24895015158107123,-3.2610305292450925,0.000633266638893692,0.04631199367443102
ENSG00000277766,1.2056899752474284,1.082978346473856,1.342305985290757,0.18705199663980338,0.000636528887189953,0.04645731631061474
ENSG00000158122,1.0004278265467592,1.0001822815287986,1.0006734318460875,0.0004277350550763838,0.0006372024006363416,0.04645731631061474
ENSG00000287814,1.015181469680368,1.006437128673513,1.024001785129606,0.015067384375537134,0.000640870257497454,0.04665339789006657
ENSG00000286322,1.0022788756364729,1.0009692473285492,1.0035902174099296,0.002276282937601313,0.0006444733731503714,0.04684417588194514
ENSG00000242719,1.0892325439707162,1.0370400481100446,1.1440518010920842,0.08547336015435579,0.0006455602421661897,0.04685175565748593
ENSG00000102271,1.001997997344126,1.0008491355066413,1.0031481779453233,0.0019960040021188043,0.0006495338646053217,0.04700616306555008
ENSG00000250334,1.003115693395901,1.001323696743148,1.0049108970555527,0.0031108496816433925,0.0006496594408832998,0.04700616306555008
ENSG00000228139,1.0362076608573956,1.0152344267206928,1.0576141708352003,0.0355675685939538,0.0006515647416225603,0.04707259092431352
ENSG00000286518,1.034931256362648,1.0146957973681874,1.055570258765664,0.03433500553820779,0.0006543467497792104,0.04720206009526824
ENSG00000112769,1.0000329830522676,1.0000140109809343,1.0000519554835354,3.298250833867274e-05,0.0006557718987854597,0.04723340736841131
ENSG00000227934,1.0232817418636069,1.009819483780176,1.0369234700361138,0.023014856543114852,0.0006589100254979929,0.04738785495595067
ENSG00000228328,1.0450341883145307,1.0188712987421498,1.0718688965863112,0.04404960097207474,0.0006611887306983712,0.04748012207403575
ENSG00000168497,1.0000779030922382,1.0000330520645737,1.000122756131451,7.790005794985101e-05,0.0006631531379622298,0.04749341813280622
ENSG00000158825,1.0006348771966882,1.0002693077418245,1.0010005802565973,0.0006346757474199133,0.0006633659761849113,0.04749341813280622
ENSG00000198478,1.0001471178551067,1.0000623580367334,1.000231884857259,0.000147107034336214,0.0006688948202528478,0.04781745550119384
ENSG00000169327,1.025513509358928,1.0107340200236636,1.0405091122321597,0.025193471879831543,0.0006701874830807691,0.04783814306625334
ENSG00000186466,1.0030917584152137,1.0013086423354538,1.0048780498425334,0.00308698875871969,0.0006723362599453212,0.04785908548330493
ENSG00000276365,1.0049577272996228,1.0020972706434796,1.0078263490436488,0.004945478237957,0.0006724883032132525,0.04785908548330493
ENSG00000101844,1.0005404080919433,1.000228756880699,1.0008521564074522,0.0005402621240761623,0.0006763346061356012,0.04802898905154592
ENSG00000267069,1.015560535608695,1.0065579540344418,1.0246436356217286,0.015440711890053707,0.0006768902445920653,0.04802898905154592
ENSG00000211804,0.9697272851217981,0.952685565732642,0.9870738482182433,-0.030740396373569994,0.000678298469585172,0.04805739617646385
ENSG00000079337,1.0002147482184278,1.0000907962812116,1.000338715518332,0.00021472516332971605,0.0006842452310645112,0.0484067968955757
ENSG00000168216,1.000136240403442,1.0000575548295416,1.0002149321684057,0.00013623112356100098,0.0006895923138558367,0.0487128010507763
ENSG00000138207,1.0000313054017678,1.0000132194045461,1.0000493917260884,3.130491176381066e-05,0.0006924227907323608,0.048840389804290577
ENSG00000285569,1.0058191643343155,1.0024526207397757,1.009197013815577,0.005802298396352544,0.0006938414617427545,0.04886816629072086
ENSG00000269028,1.000292065255828,1.0001231528154582,1.0004610062240973,0.0002920226130740003,0.0007010505854404294,0.049303088517655684
ENSG00000166947,1.005739592193202,1.0024152469979244,1.0090749620322192,0.005723183490166712,0.0007039815879621014,0.04936455526186253
ENSG00000053254,1.0000853613381058,1.0000359790344873,1.0001347460802483,8.535769503412864e-05,0.0007039951675279249,0.04936455526186253
ENSG00000260161,1.0915055355295262,1.0375779896677553,1.148235935954167,0.08755796848334438,0.0007068606402992381,0.04949270051504886
ENSG00000158301,1.0004142602159136,1.000174471221136,1.000654106699423,0.000414174433840231,0.0007083279257063857,0.049522715767642056
ENSG00000158571,1.0004611162979946,1.000194094679795,1.0007282092029026,0.00046101001654538185,0.0007118713281618023,0.04969758223925484
ENSG00000139155,1.0055313922868034,1.0023241889303691,1.0087488579450787,0.0055161503168660005,0.0007137834171136285,0.04975821768247374
